RM010D1;1
RM010D2;1
RM010D3;1
RM011D1;1
RM011D2;1
RM011D3;1
RM028D1;2
RM028D2;2
RM028D3;2
RM029D1;2
RM029D2;2
RM029D3;2
RM031D1;2
RM031D2;2
RM031D3;2
RM108D1;2
RM108D2;2
RM108D3;2
RM109D1;2
RM109D2;2
RM109D3;2
RM126D1;2
RM126D2;2
RM127D1;2
RM127D2;2
RM127D3;2
RM128D1;2
RM128D2;2
RM128D3;2
RM129D1;2
RM129D2;2
RM129D3;2
RM132D1;3
RM132D2;3
RM132D3;3
RM188D1;2
RM188D2;2
RM188D3;2
RM270D1;2
RM270D2;2
RM322D1;1
RM322D2;1
RM322D3;1
RM341D1;1
RM341D2;1
RM341D3;1
RM354D1;3
RM354D2;3
RM354D3;3
RM371D1;2
RM371D2;2
RM434D1;1
RM435D1;1
RM435D2;1
RM448D1;1
RM448D2;1
RM448D3;1
RM009G1;2
RM009G2;2
RM009G3;2
RM010G1;1
RM010G2;1
RM010G3;1
RM027G1;2
RM027G2;2
RM027G3;2
RM028G1;2
RM028G2;2
RM028G3;2
RM029G1;2
RM029G2;2
RM029G3;2
RM030G1;1
RM030G2;1
RM030G3;1
RM031G1;2
RM031G2;2
RM031G3;2
RM108G1;2
RM108G2;2
RM108G3;2
RM109G1;2
RM109G2;2
RM109G3;2
RM127G1;2
RM127G2;2
RM127G3;2
RM129G1;2
RM129G2;2
RM129G3;2
RM132G1;3
RM132G2;3
RM132G3;3
RM185G1;1
RM185G2;1
RM185G3;1
RM188G1;2
RM188G2;2
RM188G3;2
RM722D1;3
RM727D1;3
RM727D2;3
RM727D3;3
RM731D1;2
RM731D2;2
RM731D3;2
RM752D1;2
RM752D2;2
RM752D3;2
RM757D1;1
RM757D2;1
RM757D3;1
RM727G1;3
RM727G2;3
RM727G3;3
RM752G1;2
RM752G2;2
RM752G3;2
RM757G1;1
RM757G2;1
RM757G3;1
RM882D1;1
RM882D2;1
RM882D3;1
RM910G1;2
RM910G2;2
RM910G3;2
RM585D1;2
RM585D2;2
RM585D3;2
RM984D1;3
RM585G1;2
RM585G2;2
RM585G3;2
RM322G1;1
RM322G2;1
RM322G3;1
RM341G1;1
RM341G2;1
RM341G3;1
RM354G1;3
RM354G2;3
RM354G3;3
RM032D1;1
RM032D2;1
RM032D3;1
RM033D1;1
RM033D2;1
RM033D3;1
RM034D1;2
RM034D2;2
RM140D1;3
RM140D2;3
RM140D3;3
RM141D1;3
RM141D2;3
RM141D3;3
RM142D1;2
RM142D2;2
RM142D3;2
RM143D1;2
RM143D2;2
RM143D3;2
RM144D1;2
RM144D2;2
RM144D3;2
RM145D1;2
RM145D2;2
RM145D3;2
RM146D1;3
RM146D2;3
RM146D3;3
RM150D1;3
RM150D2;3
RM150D3;3
RM175D1;3
RM175D2;3
RM175D3;3
RM187D1;3
RM187D2;3
RM187D3;3
RM192D1;3
RM192D2;3
RM192D3;3
RM214D1;2
RM214D2;2
RM214D3;2
RM611D1;3
RM611D2;3
RM611D3;3
RM032G1;1
RM032G2;1
RM032G3;1
RM034G1;2
RM034G2;2
RM140G1;3
RM140G2;3
RM141G1;3
RM141G2;3
RM141G3;3
RM142G1;2
RM142G2;2
RM142G3;2
RM143G1;2
RM143G2;2
RM143G3;2
RM144G1;2
RM144G2;2
RM144G3;2
RM145G1;2
RM145G2;2
RM145G3;2
RM146G1;3
RM146G2;3
RM146G3;3
RM187G1;3
RM187G2;3
RM187G3;3
RM192G1;3
RM192G2;3
RM192G3;3
RM214G1;2
RM214G2;2
RM214G3;2
RM932G1;3
RM932G2;3
RM932G3;3
RM561G1;1
RM561G2;1
RM584G1;3
RM584G2;3
RM584G3;3
RM173D1;5
RM173D2;5
RM173D3;5
RM216D1;5
RM216D2;5
RM216D3;5
RM217D1;5
RM217D2;5
RM217D3;5
RM218D1;5
RM218D2;5
RM218D3;5
RM219D1;5
RM219D2;5
RM219D3;5
RM223D1;5
RM223D2;5
RM223D3;5
RM281D1;5
RM281D2;5
RM281D3;5
RM317D1;5
RM317D2;5
RM317D3;5
RM334D1;5
RM334D2;5
RM334D3;5
RM347D1;5
RM347D2;5
RM347D3;5
RM431D1;5
RM431D2;5
RM431D3;5
RM432D1;5
RM432D2;5
RM432D3;5
RM635D1;5
RM635D2;5
RM635D3;5
RM692D1;5
RM700D1;5
RM700D2;5
RM700D3;5
RM173G1;5
RM173G2;5
RM173G3;5
RM216G1;5
RM216G2;5
RM216G3;5
RM217G1;5
RM217G2;5
RM217G3;5
RM219G1;5
RM219G2;5
RM219G3;5
RM281G1;5
RM281G2;5
RM281G3;5
RM748D2;5
RM748D3;5
RM763D1;5
RM763D2;5
RM748G1;5
RM748G2;5
RM748G3;5
RM749G1;5
RM749G2;5
RM749G3;5
RM761G1;5
RM761G2;5
RM761G3;5
RM762G1;5
RM762G2;5
RM762G3;5
RM763G1;5
RM763G2;5
RM763G3;5
RM768G1;5
RM768G2;5
RM768G3;5
RM769G1;5
RM769G2;5
RM769G3;5
RM840D1;5
RM877D1;5
RM780G1;5
RM780G2;5
RM780G3;5
RM784G1;5
RM784G2;5
RM784G3;5
RM799G1;5
RM799G2;5
RM799G3;5
RM800G1;5
RM800G2;5
RM800G3;5
RM936G1;5
RM936G2;5
RM936G3;5
RM780D1;5
RM780D2;5
RM780D3;5
RM784D1;5
RM784D2;5
RM784D3;5
RM799D1;5
RM799D2;5
RM635G1;5
RM635G2;5
RM635G3;5
RM700G1;5
RM700G2;5
RM700G3;5
RM990G1;5
RM990G2;5
RM990G3;5
RM994G1;5
RM994G2;5
RM994G3;5
RM431G1;5
RM431G2;5
RM431G3;5
RM432G1;5
RM432G2;5
RM432G3;5
RM504D4;5
RM504G4;5
RM281D4;5
RM281G4;5
RM317G1;5
RM317G2;5
RM317G3;5
RM334G1;5
RM334G2;5
RM334G3;5
RM347G1;5
RM347G2;5
RM347G3;5
RM866G1;5
RM866G2;5
RM866G3;5
RM898G1;5
RM898G2;5
RM898G3;5
RM504D1;5
RM504D2;5
RM509D1;5
RM509D2;5
RM509D3;5
RM504G1;5
RM504G2;5
RM504G3;5
RM509G1;5
RM509G2;5
RM509G3;5
RM294D1;5
RM294D2;5
RM294D3;5
RM319D2;5
RM714D1;5
RM714D2;5
RM714D3;5
RM296G1;5
RM296G2;5
RM714G1;5
RM714G2;5
RM714G3;5
RM319G1;5
RM319G3;5
RM294V1;5
RM294V2;5
RM294V3;5
RM296V1;5
RM296V2;5
RM319V1;5
RM319V2;5
RM319V3;5
RM294U1;5
RM294U2;5
RM294U3;5
RM296U1;5
RM296U2;5
RM319U1;5
RM319U2;5
RM319U3;5
RM714U1;5
RM714U2;5
RM714U3;5
RM714V1;5
RM714V2;5
RM714V3;5
RM035U1;1
RM035U2;1
RM035U3;1
RM036U1;1
RM036U2;1
RM037U1;1
RM037U2;1
RM037U3;1
RM038U1;2
RM038U2;2
RM038U3;2
RM039U1;2
RM039U2;2
RM039U3;2
RM040U1;2
RM040U2;2
RM040U3;2
RM041U1;2
RM041U2;2
RM042U1;3
RM042U2;3
RM042U3;3
RM043U1;2
RM043U2;2
RM043U3;2
RM044U1;3
RM044U2;3
RM044U3;3
RM047U1;4
RM047U2;4
RM047U3;4
RM049U1;3
RM049U2;3
RM049U3;3
RM052U1;3
RM052U2;3
RM052U3;3
RM053U1;3
RM053U2;3
RM053U3;3
RM054U1;3
RM054U2;3
RM054U3;3
RM055U1;3
RM055U2;3
RM055U3;3
RM056U1;4
RM056U2;4
RM056U3;4
RM057U1;4
RM057U2;4
RM057U3;4
RM058U1;3
RM058U2;3
RM058U3;3
RM035V1;1
RM035V2;1
RM035V3;1
RM036V1;1
RM036V2;1
RM037V1;1
RM037V2;1
RM037V3;1
RM038V1;2
RM038V2;2
RM038V3;2
RM039V1;2
RM039V2;2
RM039V3;2
RM040V1;2
RM040V2;2
RM040V3;2
RM041V1;2
RM041V2;2
RM042V1;3
RM042V2;3
RM042V3;3
RM043V1;2
RM043V2;2
RM043V3;2
RM044V1;3
RM044V2;3
RM044V3;3
RM047V1;4
RM047V2;4
RM047V3;4
RM049V1;3
RM049V2;3
RM049V3;3
RM052V1;3
RM052V2;3
RM052V3;3
RM053V1;3
RM053V2;3
RM053V3;3
RM054V1;3
RM054V2;3
RM054V3;3
RM055V1;3
RM055V2;3
RM055V3;3
RM056V1;4
RM056V2;4
RM056V3;4
RM057V1;4
RM057V2;4
RM057V3;4
RM058V1;3
RM058V2;3
RM058V3;3
RM060V1;4
RM060V2;4
RM060V3;4
RM061V1;4
RM061V2;4
RM061V3;4
RM062V1;4
RM062V2;4
RM062V3;4
RM073V1;3
RM073V2;3
RM073V3;3
RM150V1;3
RM150V2;3
RM150V3;3
RM156V1;3
RM156V2;3
RM156V3;3
RM175V1;3
RM175V2;3
RM175V3;3
RM176V1;4
RM176V2;4
RM176V3;4
RM177V1;4
RM177V2;4
RM177V3;4
RM178V1;4
RM178V2;4
RM178V3;4
RM179V1;4
RM179V2;4
RM179V3;4
RM318V1;4
RM318V2;4
RM318V3;4
RM321V1;3
RM321V2;3
RM321V3;3
RM328V1;2
RM328V2;2
RM328V3;2
RM358V1;3
RM358V2;3
RM358V3;3
RM366V1;2
RM366V2;2
RM060U1;4
RM060U2;4
RM060U3;4
RM061U1;4
RM061U2;4
RM061U3;4
RM062U1;4
RM062U2;4
RM062U3;4
RM073U1;3
RM073U2;3
RM073U3;3
RM150U1;3
RM150U2;3
RM150U3;3
RM156U1;3
RM156U2;3
RM156U3;3
RM175U1;3
RM175U2;3
RM175U3;3
RM176U1;4
RM176U2;4
RM176U3;4
RM177U1;4
RM177U2;4
RM177U3;4
RM178U1;4
RM178U2;4
RM178U3;4
RM179U1;4
RM179U2;4
RM179U3;4
RM192U1;3
RM192U2;3
RM192U3;3
RM318U1;4
RM318U2;4
RM318U3;4
RM321U1;3
RM321U2;3
RM321U3;3
RM328U1;2
RM328U2;2
RM328U3;2
RM358U1;3
RM358U2;3
RM358U3;3
RM366U1;2
RM366U2;2
RM562U1;4
RM577U1;3
RM590U1;3
RM590U2;3
RM590U3;3
RM192V1;3
RM192V2;3
RM192V3;3
RM600U1;3
RM601U1;3
RM601U2;3
RM601U3;3
RM611U1;3
RM611U2;3
RM611U3;3
RM643U1;3
RM643U2;3
RM643U3;3
RM644U1;4
RM644U2;4
RM644U3;4
RM645U1;3
RM645U2;3
RM645U3;3
RM646U1;4
RM646U2;4
RM646U3;4
RM647U1;3
RM647U2;3
RM647U3;3
RM648U1;3
RM648U2;3
RM648U3;3
RM716U1;4
RM716U2;4
RM716U3;4
RM720U1;1
RM720U2;1
RM720U3;1
RM724U1;4
RM600V1;3
RM601V1;3
RM601V2;3
RM601V3;3
RM611V1;3
RM611V2;3
RM611V3;3
RM643V1;3
RM643V2;3
RM643V3;3
RM644V1;4
RM644V2;4
RM644V3;4
RM645V1;3
RM645V2;3
RM645V3;3
RM646V1;4
RM646V2;4
RM646V3;4
RM647V1;3
RM647V2;3
RM647V3;3
RM648V1;3
RM648V2;3
RM648V3;3
RM716V1;4
RM716V2;4
RM716V3;4
RM720V1;1
RM720V2;1
RM720V3;1
RM724V1;4
RM887V1;4
RM887V2;4
RM887V3;4
RM894V1;3
RM894V2;3
RM894V3;3
RM887U1;4
RM887U2;4
RM887U3;4
RM894U1;3
RM894U2;3
RM894U3;3
RM562V1;4
RM577V1;3
RM590V1;3
RM590V2;3
RM590V3;3
RM156U4;3
RM156V4;3
RM644U4;4
RM644V4;4
RM061W1;4
RM061W2;4
RM061W3;4
RM611W1;3
RM611W2;3
RM611W3;3
RM192W1;3
RM192W2;3
RM192W3;3
RM601W1;3
RM601W2;3
RM601W3;3
RM720W1;1
RM720W2;1
RM720W3;1
RM043W1;2
RM043W2;2
RM043W3;2
RM073W1;3
RM073W2;3
RM073W3;3
RM042W1;3
RM042W2;3
RM042W3;3
RM047W1;4
RM047W2;4
RM047W3;4
RM058W1;3
RM058W2;3
RM058W3;3
RM648W1;3
RM648W2;3
RM648W3;3
RM318W1;4
RM318W2;4
RM318W3;4
RM321W1;3
RM321W2;3
RM321W3;3
RM887W1;4
RM887W2;4
RM887W3;4
RM645W1;3
RM645W2;3
RM645W3;3
RM647W1;3
RM647W2;3
RM647W3;3
RM646W1;4
RM646W2;4
RM646W3;4
RM056W1;4
RM056W2;4
RM056W3;4
RM060W1;4
RM060W2;4
RM060W3;4
RM040W1;2
RM040W2;2
RM040W3;2
RM049W1;3
RM049W2;3
RM049W3;3
RM052W1;3
RM052W2;3
RM052W3;3
RM053W1;3
RM053W2;3
RM053W3;3
RM055W1;3
RM055W2;3
RM055W3;3
RM175W1;3
RM175W2;3
RM175W3;3
RM041W1;2
RM041W2;2
RM328W1;2
RM328W2;2
RM328W3;2
RM366W1;2
RM366W2;2
RM724W1;4
RM039W1;2
RM039W2;2
RM039W3;2
RM358W1;3
RM358W2;3
RM358W3;3
RM062W1;4
RM062W2;4
RM062W3;4
RM178W1;4
RM178W2;4
RM178W3;4
RM037W1;1
RM037W2;1
RM037W3;1
RM176W1;4
RM176W2;4
RM176W3;4
RM044W1;3
RM044W2;3
RM044W3;3
RM057W1;4
RM057W2;4
RM057W3;4
RM716W1;4
RM716W2;4
RM716W3;4
RM177W1;4
RM177W2;4
RM177W3;4
RM509U1;5
RM509U2;5
RM509U3;5
RM509W1;5
RM509W2;5
RM509W3;5
RM509V1;5
RM509V2;5
RM509V3;5
RM045U1;3
RM045U2;3
RM045U3;3
RM048U1;3
RM048U2;3
RM048U3;3
RM050U1;3
RM050U2;3
RM051U1;3
RM051U2;3
RM045V1;3
RM045V2;3
RM045V3;3
RM048V1;3
RM048V2;3
RM048V3;3
RM050V1;3
RM050V2;3
RM051V1;3
RM051V2;3
RM067V1;4
RM067V2;4
RM068V1;4
RM068V2;4
RM068V3;4
RM069V1;4
RM069V2;4
RM074V1;4
RM074V2;4
RM074V3;4
RM076V1;4
RM076V2;4
RM076V3;4
RM077V1;3
RM077V2;3
RM077V3;3
RM078V1;4
RM078V2;4
RM078V3;4
RM079V1;3
RM079V2;3
RM079V3;3
RM080V1;4
RM080V2;4
RM080V3;4
RM081V1;3
RM081V2;3
RM081V3;3
RM082V1;3
RM082V2;3
RM082V3;3
RM085V1;2
RM085V2;2
RM092V1;4
RM092V2;4
RM092V3;4
RM093V1;4
RM093V2;4
RM093V3;4
RM094V1;5
RM094V2;5
RM094V3;5
RM148V1;4
RM148V2;4
RM148V3;4
RM215V1;4
RM215V2;4
RM215V3;4
RM348V1;4
RM348V2;4
RM348V3;4
RM361V1;4
RM361V2;4
RM361V3;4
RM364V1;3
RM364V2;3
RM364V3;3
RM463V1;5
RM463V2;5
RM463V3;5
RM067U1;4
RM067U2;4
RM068U1;4
RM068U2;4
RM068U3;4
RM069U1;4
RM069U2;4
RM074U1;4
RM074U2;4
RM074U3;4
RM076U1;4
RM076U2;4
RM076U3;4
RM077U1;3
RM077U2;3
RM077U3;3
RM078U1;4
RM078U2;4
RM078U3;4
RM079U1;3
RM079U2;3
RM079U3;3
RM080U1;4
RM080U2;4
RM080U3;4
RM081U1;3
RM081U2;3
RM081U3;3
RM082U1;3
RM082U2;3
RM082U3;3
RM085U1;2
RM085U2;2
RM092U1;4
RM092U2;4
RM092U3;4
RM093U1;4
RM093U2;4
RM093U3;4
RM094U1;5
RM094U2;5
RM094U3;5
RM148U1;4
RM148U2;4
RM148U3;4
RM215U1;4
RM215U2;4
RM215U3;4
RM348U1;4
RM348U2;4
RM348U3;4
RM361U1;4
RM361U2;4
RM361U3;4
RM364U1;3
RM364U2;3
RM364U3;3
RM463U1;5
RM463U2;5
RM463U3;5
RM580U1;3
RM580U2;3
RM580U3;3
RM605U1;3
RM605U2;3
RM605U3;3
RM612U1;4
RM612U2;4
RM612U3;4
RM650U1;5
RM650U2;5
RM650U3;5
RM766U1;5
RM766U2;5
RM766U3;5
RM605V1;3
RM605V2;3
RM605V3;3
RM612V1;4
RM612V2;4
RM612V3;4
RM650V1;5
RM650V2;5
RM650V3;5
RM766V1;5
RM766V2;5
RM766V3;5
RM842V1;4
RM842V2;4
RM842V3;4
RM920V1;3
RM920V2;3
RM920V3;3
RM921V1;3
RM921V2;3
RM921V3;3
RM802U1;5
RM802U2;5
RM802U3;5
RM809U1;4
RM809U2;4
RM809U3;4
RM842U1;4
RM842U2;4
RM842U3;4
RM802V1;5
RM802V2;5
RM802V3;5
RM809V1;4
RM809V2;4
RM809V3;4
RM580V1;3
RM580V2;3
RM580V3;3
RM920U1;3
RM920U2;3
RM920U3;3
RM921U1;3
RM921U2;3
RM921U3;3
RM080W1;4
RM080W2;4
RM080W3;4
RM094W1;5
RM094W2;5
RM094W3;5
RM605W1;3
RM605W2;3
RM605W3;3
RM612W1;4
RM612W2;4
RM612W3;4
RM077W1;3
RM077W2;3
RM077W3;3
RM361W1;4
RM361W2;4
RM361W3;4
RM048W1;3
RM048W2;3
RM048W3;3
RM079W1;3
RM079W2;3
RM079W3;3
RM081W1;3
RM081W2;3
RM081W3;3
RM082W1;3
RM082W2;3
RM082W3;3
RM050W1;3
RM050W2;3
RM348W1;4
RM348W2;4
RM348W3;4
RM067W1;4
RM067W2;4
RM364W1;3
RM364W2;3
RM364W3;3
RM580W1;3
RM580W2;3
RM580W3;3
RM650W1;5
RM650W2;5
RM650W3;5
RM809W1;4
RM809W2;4
RM809W3;4
RM921W1;3
RM921W2;3
RM921W3;3
RM766W1;5
RM766W2;5
RM766W3;5
RM842W1;4
RM842W2;4
RM842W3;4
RM093W1;4
RM093W2;4
RM093W3;4
RM068W1;4
RM068W2;4
RM068W3;4
RM069W1;4
RM069W2;4
RM802W1;5
RM802W2;5
RM802W3;5
RM085W1;2
RM085W2;2
RM215W1;4
RM215W2;4
RM215W3;4
RM074W1;4
RM074W2;4
RM074W3;4
RM076W1;4
RM076W2;4
RM076W3;4
RM078W1;4
RM078W2;4
RM078W3;4
RM092W1;4
RM092W2;4
RM092W3;4
RM148W1;4
RM148W2;4
RM148W3;4
RM463W1;5
RM463W2;5
RM463W3;5
RM045W1;3
RM045W2;3
RM045W3;3
RM193V1;5
RM193V2;5
RM193V3;5
RM216V1;5
RM216V2;5
RM216V3;5
RM217V1;5
RM217V2;5
RM217V3;5
RM219V1;5
RM219V2;5
RM219V3;5
RM280V1;5
RM280V2;5
RM280V3;5
RM281V1;5
RM281V2;5
RM281V3;5
RM317V1;5
RM317V2;5
RM317V3;5
RM431V1;5
RM431V2;5
RM431V3;5
RM432V1;5
RM432V2;5
RM432V3;5
RM193U1;5
RM193U2;5
RM193U3;5
RM216U1;5
RM216U2;5
RM216U3;5
RM217U1;5
RM217U2;5
RM217U3;5
RM219U1;5
RM219U2;5
RM219U3;5
RM280U1;5
RM280U2;5
RM280U3;5
RM281U1;5
RM281U2;5
RM281U3;5
RM317U1;5
RM317U2;5
RM317U3;5
RM431U1;5
RM431U2;5
RM431U3;5
RM432U1;5
RM432U2;5
RM432U3;5
RM635U1;5
RM635U2;5
RM635U3;5
RM748U1;5
RM748U2;5
RM748U3;5
RM761U1;5
RM761U2;5
RM761U3;5
RM762U1;5
RM762U2;5
RM762U3;5
RM763U1;5
RM763U2;5
RM763U3;5
RM635V1;5
RM635V2;5
RM635V3;5
RM748V1;5
RM748V2;5
RM748V3;5
RM761V1;5
RM761V2;5
RM761V3;5
RM762V1;5
RM762V2;5
RM762V3;5
RM763V1;5
RM763V2;5
RM763V3;5
RM866V1;5
RM866V2;5
RM866V3;5
RM872V1;5
RM872V2;5
RM872V3;5
RM877V1;5
RM898V1;5
RM898V2;5
RM898V3;5
RM936V1;5
RM936V2;5
RM936V3;5
RM780U1;5
RM780U2;5
RM780U3;5
RM784U1;5
RM784U2;5
RM784U3;5
RM799U1;5
RM799U2;5
RM799U3;5
RM800U1;5
RM800U2;5
RM800U3;5
RM866U1;5
RM866U2;5
RM866U3;5
RM872U1;5
RM872U2;5
RM872U3;5
RM877U1;5
RM898U1;5
RM898U2;5
RM898U3;5
RM780V1;5
RM780V2;5
RM780V3;5
RM784V1;5
RM784V2;5
RM784V3;5
RM799V1;5
RM799V2;5
RM799V3;5
RM800V1;5
RM800V2;5
RM800V3;5
RM936U1;5
RM936U2;5
RM936U3;5
RM219W1;5
RM219W2;5
RM219W3;5
RM635W1;5
RM635W2;5
RM635W3;5
RM762W1;5
RM762W2;5
RM762W3;5
RM799W1;5
RM799W2;5
RM799W3;5
RM898W1;5
RM898W2;5
RM898W3;5
RM217W1;5
RM217W2;5
RM217W3;5
RM281W1;5
RM281W2;5
RM281W3;5
RM866W1;5
RM866W2;5
RM866W3;5
RM780W1;5
RM780W2;5
RM780W3;5
RM216W1;5
RM216W2;5
RM216W3;5
RM432W1;5
RM432W2;5
RM432W3;5
RM872W1;5
RM872W2;5
RM872W3;5
RM761W1;5
RM761W2;5
RM761W3;5
RM763W1;5
RM763W2;5
RM763W3;5
RM936W1;5
RM936W2;5
RM936W3;5
RM748W1;5
RM748W2;5
RM748W3;5
RM280W1;5
RM280W2;5
RM280W3;5
RM431W1;5
RM431W2;5
RM431W3;5
RM784W1;5
RM784W2;5
RM784W3;5
RM193W1;5
RM193W2;5
RM193W3;5
RM001D1;1
RM001D2;1
RM001D3;1
RM002D1;1
RM002D2;1
RM003D1;1
RM003D2;1
RM003D3;1
RM004D1;1
RM004D2;1
RM004D3;1
RM005D1;1
RM005D2;1
RM006D1;1
RM006D2;1
RM006D3;1
RM007D2;1
RM012D1;1
RM012D2;1
RM012D3;1
RM013D1;1
RM013D2;1
RM013D3;1
RM014D1;2
RM014D2;2
RM014D3;2
RM015D1;1
RM015D2;1
RM015D3;1
RM016D1;1
RM016D2;1
RM017D1;1
RM017D2;1
RM017D3;1
RM018D1;1
RM018D2;1
RM018D3;1
RM019D1;2
RM019D2;2
RM019D3;2
RM020D1;2
RM020D2;2
RM020D3;2
RM021D1;2
RM021D2;2
RM021D3;2
RM023D1;2
RM023D2;2
RM023D3;2
RM024D1;2
RM024D2;2
RM024D3;2
RM025D1;2
RM025D2;2
RM025D3;2
RM026D1;1
RM026D2;1
RM026D3;1
RM035D1;1
RM035D2;1
RM035D3;1
RM036D1;1
RM036D2;1
RM037D1;1
RM037D2;1
RM037D3;1
RM038D1;2
RM038D2;2
RM038D3;2
RM039D1;2
RM039D2;2
RM039D3;2
RM040D1;2
RM040D2;2
RM040D3;2
RM041D1;2
RM041D2;2
RM042D1;3
RM042D2;3
RM042D3;3
RM059D1;1
RM073D1;3
RM073D2;3
RM073D3;3
RM079D1;3
RM079D2;3
RM079D3;3
RM081D1;3
RM081D2;3
RM081D3;3
RM082D1;3
RM082D2;3
RM082D3;3
RM083D1;2
RM083D2;2
RM083D3;2
RM084D1;3
RM084D2;3
RM084D3;3
RM085D1;2
RM085D2;2
RM087D1;2
RM087D2;2
RM088D1;2
RM088D2;2
RM088D3;2
RM105D1;2
RM105D3;2
RM106D1;2
RM106D2;2
RM106D3;2
RM186D1;1
RM186D2;1
RM186D3;1
RM225D1;1
RM226D1;1
RM227D1;1
RM229D1;1
RM230D1;1
RM235D1;1
RM241D1;1
RM242D1;3
RM248D1;1
RM257D1;1
RM262D1;1
RM262D2;1
RM262D3;1
RM265D1;1
RM328D1;2
RM328D2;2
RM328D3;2
RM329D1;1
RM336D1;1
RM337D1;1
RM337D2;1
RM337D3;1
RM343D1;1
RM344D1;1
RM358D1;3
RM358D2;3
RM358D3;3
RM360D1;2
RM360D2;2
RM360D3;2
RM364D1;3
RM364D2;3
RM364D3;3
RM366D1;2
RM366D2;2
RM373D1;1
RM374D1;1
RM400D1;1
RM400D2;1
RM400D3;1
RM401D1;1
RM401D2;1
RM401D3;1
RM402D1;1
RM403D1;1
RM406D1;1
RM440D1;2
RM444D1;1
RM466D1;1
RM467D1;1
RM468D1;1
RM605D1;3
RM605D2;3
RM605D3;3
RM614D1;1
RM614D2;1
RM614D3;1
RM618D1;1
RM618D2;1
RM679D1;2
RM679D2;2
RM007G1;1
RM007G3;1
RM008G1;1
RM008G2;1
RM008G3;1
RM012G1;1
RM012G2;1
RM012G3;1
RM014G1;2
RM014G2;2
RM014G3;2
RM015G1;1
RM015G2;1
RM015G3;1
RM017G1;1
RM017G2;1
RM017G3;1
RM020G1;2
RM020G2;2
RM020G3;2
RM021G1;2
RM021G2;2
RM021G3;2
RM023G1;2
RM023G2;2
RM023G3;2
RM024G1;2
RM024G2;2
RM024G3;2
RM025G1;2
RM025G2;2
RM025G3;2
RM026G1;1
RM026G2;1
RM026G3;1
RM036G1;1
RM036G2;1
RM037G1;1
RM037G2;1
RM037G3;1
RM039G2;2
RM039G3;2
RM040G1;2
RM040G2;2
RM040G3;2
RM042G1;3
RM042G2;3
RM042G3;3
RM043G1;2
RM043G2;2
RM043G3;2
RM073G1;3
RM073G2;3
RM073G3;3
RM079G1;3
RM079G2;3
RM079G3;3
RM081G1;3
RM081G2;3
RM081G3;3
RM082G1;3
RM082G2;3
RM082G3;3
RM087G1;2
RM087G2;2
RM088G1;2
RM088G3;2
RM089G1;2
RM089G2;2
RM089G3;2
RM105G1;2
RM105G2;2
RM105G3;2
RM106G1;2
RM106G2;2
RM106G3;2
RM720D1;1
RM720D2;1
RM720D3;1
RM721D1;2
RM721D2;2
RM721D3;2
RM734D1;1
RM778D1;1
RM720G1;1
RM720G2;1
RM720G3;1
RM721G1;2
RM721G2;2
RM721G3;2
RM737G1;3
RM737G2;3
RM737G3;3
RM856D1;1
RM793G1;1
RM793G2;1
RM793G3;1
RM920D3;3
RM927D1;2
RM927D2;2
RM927D3;2
RM920G1;3
RM920G2;3
RM920G3;3
RM921G1;3
RM921G2;3
RM921G3;3
RM927G1;2
RM927G2;2
RM927G3;2
RM548D1;2
RM548D2;2
RM548D3;2
RM550D1;1
RM550D2;1
RM550D3;1
RM579D1;2
RM580D1;3
RM580D2;3
RM580D3;3
RM586D1;1
RM586D2;1
RM586D3;1
RM601G1;3
RM601G2;3
RM601G3;3
RM605G1;3
RM605G2;3
RM605G3;3
RM614G1;1
RM614G2;1
RM614G3;1
RM360G1;2
RM360G2;2
RM360G3;2
RM366G1;2
RM366G2;2
RM370G1;1
RM370G2;1
RM548G1;2
RM548G2;2
RM548G3;2
RM590G1;3
RM590G2;3
RM590G3;3
RM328G2;2
RM328G3;2
RM337G1;1
RM337G2;1
RM337G3;1
RM358G1;3
RM358G2;3
RM358G3;3
RM523D1;1
RM525D1;1
RM526D1;1
RM527D1;1
RM529D1;1
RM530D1;1
RM531D1;1
RM534D1;1
RM044D1;3
RM044D2;3
RM044D3;3
RM045D1;3
RM045D2;3
RM045D3;3
RM048D1;3
RM048D2;3
RM048D3;3
RM049D1;3
RM049D2;3
RM049D3;3
RM050D2;3
RM052D1;3
RM052D2;3
RM052D3;3
RM053D1;3
RM053D2;3
RM053D3;3
RM054D1;3
RM054D2;3
RM054D3;3
RM055D1;3
RM055D2;3
RM055D3;3
RM056D1;4
RM056D2;4
RM056D3;4
RM057D1;4
RM057D2;4
RM057D3;4
RM058D1;3
RM058D2;3
RM058D3;3
RM060D1;4
RM060D2;4
RM060D3;4
RM061D1;4
RM061D2;4
RM061D3;4
RM062D1;4
RM062D2;4
RM062D3;4
RM064D1;4
RM064D2;4
RM064D3;4
RM065D1;4
RM065D2;4
RM065D3;4
RM067D1;4
RM067D2;4
RM068D1;4
RM068D2;4
RM068D3;4
RM069D1;4
RM069D2;4
RM070D1;4
RM070D2;4
RM070D3;4
RM074D1;4
RM074D2;4
RM074D3;4
RM076D1;4
RM076D2;4
RM076D3;4
RM156D1;3
RM156D2;3
RM156D3;3
RM163D1;3
RM163D2;3
RM163D3;3
RM164D1;4
RM164D2;4
RM164D3;4
RM165D1;5
RM165D2;5
RM165D3;5
RM174D1;5
RM174D2;5
RM174D3;5
RM176D1;4
RM176D2;4
RM176D3;4
RM177D1;4
RM177D2;4
RM177D3;4
RM178D1;4
RM178D2;4
RM178D3;4
RM179D1;4
RM179D2;4
RM179D3;4
RM194D1;6
RM194D2;6
RM194D3;6
RM196D1;5
RM196D2;5
RM196D3;5
RM212D1;5
RM212D2;5
RM212D3;5
RM240D1;5
RM240D2;5
RM245D2;4
RM245D3;4
RM266D1;4
RM318D1;4
RM318D2;4
RM318D3;4
RM321D1;3
RM321D2;3
RM321D3;3
RM326D1;4
RM326D2;4
RM326D3;4
RM348D1;4
RM348D2;4
RM348D3;4
RM369D1;5
RM369D2;5
RM369D3;5
RM465D1;4
RM600D1;3
RM643D1;3
RM643D2;3
RM643D3;3
RM665D2;5
RM665D3;5
RM678D3;5
RM044G1;3
RM044G2;3
RM044G3;3
RM045G3;3
RM047G1;4
RM047G2;4
RM047G3;4
RM048G1;3
RM048G2;3
RM048G3;3
RM049G1;3
RM049G2;3
RM049G3;3
RM050G2;3
RM050G3;3
RM051G1;3
RM051G2;3
RM052G1;3
RM052G2;3
RM052G3;3
RM055G1;3
RM055G3;3
RM056G1;4
RM056G2;4
RM056G3;4
RM060G1;4
RM060G2;4
RM060G3;4
RM064G1;4
RM064G2;4
RM064G3;4
RM065G1;4
RM065G2;4
RM065G3;4
RM074G1;4
RM074G2;4
RM074G3;4
RM076G1;4
RM076G2;4
RM076G3;4
RM156G1;3
RM156G2;3
RM156G3;3
RM165G1;5
RM165G2;5
RM165G3;5
RM174G1;5
RM174G2;5
RM174G3;5
RM176G1;4
RM176G2;4
RM176G3;4
RM177G1;4
RM177G2;4
RM177G3;4
RM178G1;4
RM178G2;4
RM178G3;4
RM179G1;4
RM194G1;6
RM194G2;6
RM194G3;6
RM245G1;4
RM245G2;4
RM245G3;4
RM724D1;4
RM745D1;5
RM745D2;5
RM745D3;5
RM771D1;4
RM777D1;5
RM777D2;5
RM777D3;5
RM745G1;5
RM745G2;5
RM745G3;5
RM777G1;5
RM777G2;5
RM777G3;5
RM894D1;3
RM894D2;3
RM894D3;3
RM796G1;5
RM796G2;5
RM796G3;5
RM805G1;6
RM805G2;6
RM805G3;6
RM808G1;4
RM808G2;4
RM808G3;4
RM935G1;5
RM935G2;5
RM935G3;5
RM946G1;6
RM946G2;6
RM946G3;6
RM552D1;5
RM552D2;5
RM562D1;4
RM567D1;4
RM577D1;3
RM643G1;3
RM643G2;3
RM643G3;3
RM644G1;4
RM644G2;4
RM644G3;4
RM645G1;3
RM645G2;3
RM645G3;3
RM646G1;4
RM646G2;4
RM646G3;4
RM647G1;3
RM647G2;3
RM647G3;3
RM648G1;3
RM648G2;3
RM648G3;3
RM665G1;5
RM665G2;5
RM665G3;5
RM673G1;5
RM673G2;5
RM673G3;5
RM678G1;5
RM678G2;5
RM716G1;4
RM716G2;4
RM716G3;4
RM995G1;4
RM995G2;4
RM995G3;4
RM887G4;4
RM470G1;5
RM470G2;5
RM470G3;5
RM482D4;5
RM482G4;5
RM156G4;3
RM644G4;4
RM174G4;5
RM174D4;5
RM321G1;3
RM321G2;3
RM321G3;3
RM348G1;4
RM348G2;4
RM348G3;4
RM352G1;5
RM352G2;5
RM352G3;5
RM862G1;6
RM862G2;6
RM862G3;6
RM887G1;4
RM887G2;4
RM887G3;4
RM894G1;3
RM894G3;3
RM483D1;4
RM482G1;5
RM482G2;5
RM482G3;5
RM080D1;4
RM080D2;4
RM080D3;4
RM086D1;3
RM086D2;3
RM086D3;3
RM090D1;2
RM090D2;2
RM090D3;2
RM091D1;3
RM091D2;3
RM091D3;3
RM092D1;4
RM092D2;4
RM092D3;4
RM093D1;4
RM093D2;4
RM093D3;4
RM096D1;5
RM096D2;5
RM096D3;5
RM097D1;4
RM097D2;4
RM097D3;4
RM098D1;4
RM098D2;4
RM098D3;4
RM099D1;4
RM099D2;4
RM099D3;4
RM101D1;4
RM101D2;4
RM102D1;4
RM102D2;4
RM104D1;3
RM104D2;3
RM104D3;3
RM107D1;2
RM107D2;2
RM110D1;2
RM110D3;2
RM111D1;2
RM111D2;2
RM111D3;2
RM112D1;2
RM112D2;2
RM112D3;2
RM113D1;4
RM113D2;4
RM113D3;4
RM114D1;4
RM114D2;4
RM114D3;4
RM115D1;4
RM115D2;4
RM115D3;4
RM116D1;4
RM116D2;4
RM116D3;4
RM117D1;5
RM117D2;5
RM117D3;5
RM118D1;4
RM118D2;4
RM118D3;4
RM120D1;3
RM120D2;3
RM120D3;3
RM121D1;4
RM121D2;4
RM121D3;4
RM122D1;3
RM122D2;3
RM122D3;3
RM123D1;3
RM123D2;3
RM123D3;3
RM124D1;3
RM124D2;3
RM124D3;3
RM210D1;4
RM210D2;4
RM210D3;4
RM224D1;4
RM224D2;4
RM224D3;4
RM267D1;3
RM268D1;3
RM290D1;5
RM290D2;5
RM290D3;5
RM291D1;5
RM291D2;5
RM291D3;5
RM292D1;5
RM292D2;5
RM293D1;5
RM293D2;5
RM293D3;5
RM306D1;5
RM306D2;5
RM306D3;5
RM325D1;4
RM325D2;4
RM325D3;4
RM330D1;3
RM330D2;3
RM330D3;3
RM351D1;4
RM351D2;4
RM356D1;4
RM356D2;4
RM362D1;4
RM362D2;4
RM362D3;4
RM365D1;3
RM365D2;3
RM365D3;3
RM367D1;4
RM367D2;4
RM367D3;4
RM368D1;4
RM368D2;4
RM368D3;4
RM372D1;3
RM409D1;4
RM409D2;4
RM409D3;4
RM433D1;3
RM449D1;3
RM612D1;4
RM612D2;4
RM612D3;4
RM613D1;3
RM613D2;3
RM613D3;3
RM619D1;3
RM619D2;3
RM619D3;3
RM697D1;5
RM697D2;5
RM697D3;5
RM702D1;5
RM702D2;5
RM702D3;5
RM080G1;4
RM080G2;4
RM080G3;4
RM086G1;3
RM086G2;3
RM086G3;3
RM090G1;2
RM090G2;2
RM090G3;2
RM092G1;4
RM092G3;4
RM093G1;4
RM093G2;4
RM093G3;4
RM098G1;4
RM098G2;4
RM098G3;4
RM100G1;4
RM100G2;4
RM100G3;4
RM103G1;3
RM103G2;3
RM103G3;3
RM104G1;3
RM104G2;3
RM104G3;3
RM110G1;2
RM110G2;2
RM110G3;2
RM111G1;2
RM111G2;2
RM111G3;2
RM112G1;2
RM112G2;2
RM112G3;2
RM113G1;4
RM113G2;4
RM113G3;4
RM114G1;4
RM114G2;4
RM114G3;4
RM115G1;4
RM115G2;4
RM115G3;4
RM116G1;4
RM116G2;4
RM116G3;4
RM117G1;5
RM117G2;5
RM117G3;5
RM118G1;4
RM118G2;4
RM118G3;4
RM124G1;3
RM124G2;3
RM124G3;3
RM191G1;2
RM191G2;2
RM191G3;2
RM260G1;5
RM260G2;5
RM260G3;5
RM290G1;5
RM290G2;5
RM290G3;5
RM291G1;5
RM291G2;5
RM291G3;5
RM292G1;5
RM292G2;5
RM292G3;5
RM728D1;3
RM728D2;3
RM732D1;2
RM732D2;2
RM732D3;2
RM779D1;4
RM779D2;4
RM779D3;4
RM728G1;3
RM728G2;3
RM775G1;5
RM775G2;5
RM775G3;5
RM779G1;4
RM779G2;4
RM779G3;4
RM865D2;4
RM890D1;4
RM783G1;5
RM783G2;5
RM783G3;5
RM795G1;5
RM795G2;5
RM795G3;5
RM813G1;2
RM813G2;2
RM813G3;2
RM814G1;4
RM814G2;4
RM814G3;4
RM914G1;2
RM914G2;2
RM914G3;2
RM915G1;4
RM915G2;4
RM915G3;4
RM923G1;3
RM923G2;3
RM923G3;3
RM554D1;5
RM555D1;5
RM555D2;5
RM555D3;5
RM563D1;4
RM563D2;4
RM564D1;4
RM596D1;5
RM596D2;5
RM612G1;4
RM612G2;4
RM612G3;4
RM617G1;3
RM617G2;3
RM617G3;3
RM619G1;3
RM619G2;3
RM619G3;3
RM622G1;3
RM622G2;3
RM622G3;3
RM624G1;4
RM624G2;4
RM624G3;4
RM697G1;5
RM697G2;5
RM697G3;5
RM701G1;4
RM701G2;4
RM701G3;4
RM976D1;3
RM983D1;4
RM983D2;4
RM985D1;5
RM988D1;3
RM362G1;4
RM362G2;4
RM362G3;4
RM365G1;3
RM365G3;3
RM367G1;4
RM367G3;4
RM409G1;4
RM409G2;4
RM409G3;4
RM697G4;5
RM306G1;5
RM306G2;5
RM306G3;5
RM325G1;4
RM325G2;4
RM325G3;4
RM330G1;3
RM330G2;3
RM330G3;3
RM350G1;4
RM350G2;4
RM350G3;4
RM865G1;4
RM865G3;4
RM517D1;3
RM517D2;3
RM517D3;3
RM119D1;5
RM119D2;5
RM119D3;5
RM125D1;3
RM125D2;3
RM125D3;3
RM130D1;3
RM130D2;3
RM131D1;3
RM131D2;3
RM131D3;3
RM133D1;3
RM133D3;3
RM134D1;3
RM134D2;3
RM134D3;3
RM136D1;4
RM136D2;4
RM137D1;3
RM137D2;3
RM137D3;3
RM139D1;3
RM139D2;3
RM139D3;3
RM149D1;3
RM149D2;3
RM149D3;3
RM153D1;3
RM153D2;3
RM153D3;3
RM154D1;3
RM154D2;3
RM154D3;3
RM155D1;3
RM155D2;3
RM155D3;3
RM157D1;3
RM157D2;3
RM157D3;3
RM181D1;4
RM181D2;4
RM181D3;4
RM184D1;3
RM184D2;3
RM184D3;3
RM189D1;3
RM189D2;3
RM189D3;3
RM193D1;5
RM193D2;5
RM193D3;5
RM221D1;4
RM221D2;4
RM221D3;4
RM340D2;3
RM340D3;3
RM616D1;4
RM616D2;4
RM616D3;4
RM629D1;3
RM629D2;3
RM629D3;3
RM629D4;3
RM634D1;3
RM634D2;3
RM634D3;3
RM119G1;5
RM119G2;5
RM119G3;5
RM125G1;3
RM125G2;3
RM125G3;3
RM130G1;3
RM130G2;3
RM133G1;3
RM133G3;3
RM134G1;3
RM134G2;3
RM134G3;3
RM136G1;4
RM136G2;4
RM149G1;3
RM149G2;3
RM149G3;3
RM153G1;3
RM153G2;3
RM153G3;3
RM154G1;3
RM154G2;3
RM154G3;3
RM155G1;3
RM155G2;3
RM155G3;3
RM157G1;3
RM157G2;3
RM157G3;3
RM181G2;4
RM183G1;4
RM183G2;4
RM183G3;4
RM184G1;3
RM184G2;3
RM184G3;3
RM189G1;3
RM189G2;3
RM189G3;3
RM193G1;5
RM193G2;5
RM193G3;5
RM221G1;4
RM221G2;4
RM221G3;4
RM255G1;3
RM255G2;3
RM255G3;3
RM280G1;5
RM280G2;5
RM280G3;5
RM747D1;4
RM747D2;4
RM747D3;4
RM755D1;3
RM755D2;3
RM755D3;3
RM747G1;4
RM747G2;4
RM747G3;4
RM755G1;3
RM755G2;3
RM755G3;3
RM850D2;5
RM850D3;5
RM918G1;3
RM918G2;3
RM918G3;3
RM616G1;4
RM616G2;4
RM616G3;4
RM625G1;4
RM625G2;4
RM625G3;4
RM626G1;4
RM626G2;4
RM626G3;4
RM628G1;3
RM628G2;3
RM628G3;3
RM629G1;3
RM629G2;3
RM629G3;3
RM629G4;3
RM993G1;5
RM993G2;5
RM340G1;3
RM340G2;3
RM340G3;3
RM849G1;4
RM849G2;4
RM849G3;4
RM850G1;5
RM850G2;5
RM850G3;5
RM151D1;3
RM151D2;3
RM151D3;3
RM152D1;3
RM152D2;3
RM152D3;3
RM158D1;4
RM158D2;4
RM158D3;4
RM159D1;4
RM159D2;4
RM159D3;4
RM160D1;4
RM160D2;4
RM160D3;4
RM161D1;3
RM161D2;3
RM161D3;3
RM162D1;3
RM162D2;3
RM162D3;3
RM166D1;4
RM166D2;4
RM166D3;4
RM167D1;4
RM167D2;4
RM167D3;4
RM168D1;4
RM168D2;4
RM168D3;4
RM169D1;4
RM169D2;4
RM169D3;4
RM170D1;5
RM170D2;5
RM170D3;5
RM171D1;5
RM171D2;5
RM171D3;5
RM172D1;5
RM172D2;5
RM172D3;5
RM222D1;4
RM222D2;4
RM289D1;5
RM289D2;5
RM289D3;5
RM345D1;4
RM345D2;4
RM345D3;4
RM346D1;3
RM346D2;3
RM346D3;3
RM355D1;3
RM355D2;3
RM355D3;3
RM363D1;5
RM363D2;5
RM363D3;5
RM615D2;4
RM615D3;4
RM681D1;4
RM681D3;4
RM682D3;4
RM703D1;5
RM703D2;5
RM703D3;5
RM152G1;3
RM152G2;3
RM152G3;3
RM158G1;4
RM158G2;4
RM158G3;4
RM159G1;4
RM159G2;4
RM159G3;4
RM160G1;4
RM160G2;4
RM160G3;4
RM161G1;3
RM161G2;3
RM161G3;3
RM162G1;3
RM162G2;3
RM162G3;3
RM166G1;4
RM166G2;4
RM166G3;4
RM167G1;4
RM167G3;4
RM169G1;4
RM169G2;4
RM169G3;4
RM170G1;5
RM170G2;5
RM170G3;5
RM171G1;5
RM171G2;5
RM171G3;5
RM172G1;5
RM172G2;5
RM172G3;5
RM760D2;5
RM760D3;5
RM723G1;4
RM723G2;4
RM723G3;4
RM759G1;5
RM759G2;5
RM759G3;5
RM760G1;5
RM760G2;5
RM760G3;5
RM615G1;4
RM615G2;4
RM615G3;4
RM681G1;4
RM681G2;4
RM681G3;4
RM682G1;4
RM682G2;4
RM682G3;4
RM703G1;5
RM703G2;5
RM703G3;5
RM980G1;3
RM980G2;3
RM980G3;3
RM615D4;4
RM615G4;4
RM363G1;5
RM363G2;5
RM363G3;5
RM588G1;4
RM588G2;4
RM588G3;4
RM345G1;4
RM345G2;4
RM345G3;4
RM355G1;3
RM355G2;3
RM355G3;3
RM852G1;4
RM852G2;4
RM852G3;4
RM880G1;5
RM880G2;5
RM880G3;5
RM152V1;3
RM152V2;3
RM152V3;3
RM162V1;3
RM162V2;3
RM162V3;3
RM163V1;3
RM163V2;3
RM163V3;3
RM164V1;4
RM164V2;4
RM164V3;4
RM165V1;5
RM165V2;5
RM165V3;5
RM166V1;4
RM166V2;4
RM166V3;4
RM172V1;5
RM172V2;5
RM172V3;5
RM173V1;5
RM173V2;5
RM173V3;5
RM218V1;5
RM218V2;5
RM218V3;5
RM222V1;4
RM222V2;4
RM223V1;5
RM223V2;5
RM223V3;5
RM334V1;5
RM334V2;5
RM334V3;5
RM346V1;3
RM346V2;3
RM346V3;3
RM347V1;5
RM347V2;5
RM347V3;5
RM355V1;3
RM355V2;3
RM355V3;3
RM152U1;3
RM152U2;3
RM152U3;3
RM161U1;3
RM161U2;3
RM161U3;3
RM162U1;3
RM162U2;3
RM162U3;3
RM163U1;3
RM163U2;3
RM163U3;3
RM164U1;4
RM164U2;4
RM164U3;4
RM165U1;5
RM165U2;5
RM165U3;5
RM166U1;4
RM166U2;4
RM166U3;4
RM172U1;5
RM172U2;5
RM172U3;5
RM173U1;5
RM173U2;5
RM173U3;5
RM218U1;5
RM218U2;5
RM218U3;5
RM222U1;4
RM222U2;4
RM223U1;5
RM223U2;5
RM223U3;5
RM334U1;5
RM334U2;5
RM334U3;5
RM346U1;3
RM346U2;3
RM346U3;3
RM347U1;5
RM347U2;5
RM347U3;5
RM355U1;3
RM355U2;3
RM355U3;3
RM504U1;5
RM504U2;5
RM504U3;5
RM161V1;3
RM161V2;3
RM161V3;3
RM673U1;5
RM673U2;5
RM673U3;5
RM678U1;5
RM678U2;5
RM678U3;5
RM681U1;4
RM681U2;4
RM681U3;4
RM700U1;5
RM700U2;5
RM700U3;5
RM703U1;5
RM703U2;5
RM703U3;5
RM735U1;5
RM736U1;5
RM749U1;5
RM749U2;5
RM749U3;5
RM768U1;5
RM768U2;5
RM768U3;5
RM769U1;5
RM769U2;5
RM769U3;5
RM673V1;5
RM673V2;5
RM673V3;5
RM678V1;5
RM678V2;5
RM678V3;5
RM681V1;4
RM681V2;4
RM681V3;4
RM700V1;5
RM700V2;5
RM700V3;5
RM703V1;5
RM703V2;5
RM703V3;5
RM735V1;5
RM736V1;5
RM749V1;5
RM749V2;5
RM749V3;5
RM768V1;5
RM768V2;5
RM768V3;5
RM769V1;5
RM769V2;5
RM769V3;5
RM880V1;5
RM880V2;5
RM880V3;5
RM880U1;5
RM880U2;5
RM880U3;5
RM980V1;3
RM980V2;3
RM980V3;3
RM994V1;5
RM994V2;5
RM994V3;5
RM980U1;3
RM980U2;3
RM980U3;3
RM994U1;5
RM994U2;5
RM994U3;5
RM504U4;5
RM504V4;5
RM161W1;3
RM161W2;3
RM161W3;3
RM355W1;3
RM355W2;3
RM355W3;3
RM152W1;3
RM152W2;3
RM152W3;3
RM166W1;4
RM166W2;4
RM166W3;4
RM347W1;5
RM347W2;5
RM347W3;5
RM164W1;4
RM164W2;4
RM164W3;4
RM334W1;5
RM334W2;5
RM334W3;5
RM880W1;5
RM880W2;5
RM880W3;5
RM994W1;5
RM994W2;5
RM994W3;5
RM673W1;5
RM673W2;5
RM673W3;5
RM749W1;5
RM749W2;5
RM749W3;5
RM768W1;5
RM768W2;5
RM768W3;5
RM980W1;3
RM980W2;3
RM980W3;3
RM735W1;5
RM736W1;5
RM218W1;5
RM218W2;5
RM218W3;5
RM223W1;5
RM223W2;5
RM223W3;5
RM173W1;5
RM173W2;5
RM173W3;5
RM678W1;5
RM678W2;5
RM678W3;5
RM681W1;4
RM681W2;4
RM681W3;4
RM700W1;5
RM700W2;5
RM700W3;5
RM162W1;3
RM162W2;3
RM162W3;3
RM346W1;3
RM346W2;3
RM346W3;3
RM703W1;5
RM703W2;5
RM703W3;5
RM769W1;5
RM769W2;5
RM769W3;5
RM504V1;5
RM504V2;5
RM504V3;5
RM008A1;1
RM008A2;1
RM008A3;1
RM019A1;2
RM019C2;2
RM019C3;2
RM021A1;2
RM021A2;2
RM021A3;2
RM023A1;2
RM023A2;2
RM023A3;2
RM024A1;2
RM024A2;2
RM024A3;2
RM024C1;2
RM024C2;2
RM024C3;2
RM037A1;1
RM037A2;1
RM037A3;1
RM037C1;1
RM037C2;1
RM037C3;1
RM040A1;2
RM040A2;2
RM040A3;2
RM043A1;2
RM043A2;2
RM043A3;2
RM073A1;3
RM073A2;3
RM073A3;3
RM081A1;3
RM081A2;3
RM081A3;3
RM082A1;3
RM082A2;3
RM082A3;3
RM089A1;2
RM089A2;2
RM089A3;2
RM328A1;2
RM328A2;2
RM328A3;2
RM358A1;3
RM358A2;3
RM358A3;3
RM360A2;2
RM364A1;3
RM364A2;3
RM364A3;3
RM364C1;3
RM364C2;3
RM364C3;3
RM366A1;2
RM366A2;2
RM548A1;2
RM548A2;2
RM548A3;2
RM605A1;3
RM605A2;3
RM605A3;3
RM720A1;1
RM720A2;1
RM720A3;1
RM927A1;2
RM927A2;2
RM927A3;2
RM737A1;3
RM737A2;3
RM217A1;5
RM217A2;5
RM217A3;5
RM219A1;5
RM219A2;5
RM219A3;5
RM219C1;5
RM219C2;5
RM219C3;5
RM281A1;5
RM281A2;5
RM780A1;5
RM780A2;5
RM780A3;5
RM780C1;5
RM780C2;5
RM780C3;5
RM799A1;5
RM799A2;5
RM799A3;5
RM799C1;5
RM799C2;5
RM799C3;5
RM936A1;5
RM936A2;5
RM936A3;5
RM936C1;5
RM936C2;5
RM936C3;5
RM748A1;5
RM748A2;5
RM748A3;5
RM749A1;5
RM749A2;5
RM749A3;5
RM763A1;5
RM763A2;5
RM763A3;5
RM763C1;5
RM763C3;5
RM769A1;5
RM769A2;5
RM769A3;5
RM784A1;5
RM784A2;5
RM784A3;5
RM086A1;3
RM086A2;3
RM086A3;3
RM090A1;2
RM090A2;2
RM090A3;2
RM092A1;4
RM092A2;4
RM092A3;4
RM093A1;4
RM093A2;4
RM093A3;4
RM098A1;4
RM098A2;4
RM098A3;4
RM104A1;3
RM104A2;3
RM104A3;3
RM110A1;2
RM110A2;2
RM110A3;2
RM191A1;2
RM191A2;2
RM191A3;2
RM191C1;2
RM191C2;2
RM191C3;2
RM260A1;5
RM260A2;5
RM260A3;5
RM260C1;5
RM260C2;5
RM260C3;5
RM867A1;3
RM867A2;3
RM867A3;3
RM867C1;3
RM867C2;3
RM867C3;3
RM915A1;4
RM915A2;4
RM915A3;4
RM350A1;4
RM350A2;4
RM350A3;4
RM367A1;4
RM367A2;4
RM367A3;4
RM367C1;4
RM367C2;4
RM367C3;4
RM368A1;4
RM368A2;4
RM368A3;4
RM612A1;4
RM612A2;4
RM612A3;4
RM612C1;4
RM612C2;4
RM612C3;4
RM617A1;3
RM617A2;3
RM617A3;3
RM619A1;3
RM619A2;3
RM619A3;3
RM624A1;4
RM624A2;4
RM624A3;4
RM701A1;4
RM701A2;4
RM701A3;4
RM728A1;3
RM728A2;3
RM732A1;2
RM732A2;2
RM732A3;2
RM779A1;4
RM779A2;4
RM779A3;4
RM813A1;2
RM813A2;2
RM813A3;2
RM814A1;4
RM814A2;4
RM814A3;4
RM923A1;3
RM923A2;3
RM923A3;3
RM923C1;3
RM923C2;3
RM923C3;3
RM983C1;4
RM983C2;4
RM983C3;4
RM983C4;4
RM983C5;4
RM983C6;4
RM125A1;3
RM125A2;3
RM125A3;3
RM125C1;3
RM125C2;3
RM125C3;3
RM130A1;3
RM130A2;3
RM130C1;3
RM130C2;3
RM133A1;3
RM133A2;3
RM133A3;3
RM133C1;3
RM133C2;3
RM133C3;3
RM134A1;3
RM134A2;3
RM134A3;3
RM139A1;3
RM139A2;3
RM139A3;3
RM153A1;3
RM153A2;3
RM153A3;3
RM154A1;3
RM154A2;3
RM154A3;3
RM154C1;3
RM154C2;3
RM154C3;3
RM155A1;3
RM155A2;3
RM155A3;3
RM157A1;3
RM157A2;3
RM157A3;3
RM181A1;4
RM181A2;4
RM181A3;4
RM183A1;4
RM183A2;4
RM183A3;4
RM189A1;3
RM189A2;3
RM221A1;4
RM280A1;5
RM280A2;5
RM280A3;5
RM628A1;3
RM628A2;3
RM628A3;3
RM628C1;3
RM628C2;3
RM628C3;3
RM629A1;3
RM629A2;3
RM629A3;3
RM629A4;3
RM629C1;3
RM629C2;3
RM849A1;4
RM849A2;4
RM849A3;4
RM850A1;5
RM850A2;5
RM850A3;5
RM918A1;3
RM918A2;3
RM918A3;3
RM933A1;3
RM933A2;3
RM933A3;3
RM152A1;3
RM152A2;3
RM152A3;3
RM159A1;4
RM159A2;4
RM159A3;4
RM161A1;3
RM161A2;3
RM161A3;3
RM161C1;3
RM161C2;3
RM161C3;3
RM167A1;4
RM169A1;4
RM169A2;4
RM169A3;4
RM171A1;5
RM171A2;5
RM171A3;5
RM171C1;5
RM171C2;5
RM171C3;5
RM345A1;4
RM345A2;4
RM345A3;4
RM355A1;3
RM355A2;3
RM355A3;3
RM363A1;5
RM363A2;5
RM363A3;5
RM615A1;4
RM615A2;4
RM615A3;4
RM615A4;4
RM681A1;4
RM681A2;4
RM681A3;4
RM759A1;5
RM759A2;5
RM759A3;5
RM759C1;5
RM759C2;5
RM759C3;5
RM852A1;4
RM852A2;4
RM852A3;4
RM077A1;3
RM077A2;3
RM077A3;3
RM095A1;4
RM095A2;4
RM095A3;4
RM148A1;4
RM148A2;4
RM148A3;4
RM198A1;6
RM198A2;6
RM198A3;6
RM200A1;6
RM200A2;6
RM203A1;6
RM203A2;6
RM203A3;6
RM247A1;6
RM247A2;6
RM247A3;6
RM338A1;6
RM338A2;6
RM338A3;6
RM407A1;6
RM407A2;6
RM407A3;6
RM463A1;5
RM463A2;5
RM463A3;5
RM471A1;5
RM471A2;5
RM471A3;5
RM471A4;5
RM471C1;5
RM471C3;5
RM471C4;5
RM655A1;6
RM655A2;6
RM655A3;6
RM655C1;6
RM655C2;6
RM655C3;6
RM699A1;6
RM699A2;6
RM699A3;6
RM766A1;5
RM766A2;5
RM766A3;5
RM794A1;6
RM794A2;6
RM794A3;6
RM802A1;5
RM802A2;5
RM802A3;5
RM819A1;5
RM819A2;5
RM819A3;5
RM853A1;6
RM853A2;6
RM853A3;6
RM941A1;6
RM941A2;6
RM941A3;6
RM941C1;6
RM941C2;6
RM941C3;6
RM045A1;3
RM045A2;3
RM045A3;3
RM047A1;4
RM047A2;4
RM047A3;4
RM048A1;3
RM048A2;3
RM048A3;3
RM051A1;3
RM051A2;3
RM056A1;4
RM056A2;4
RM056A3;4
RM064A1;4
RM064A2;4
RM064A3;4
RM074A1;4
RM074A2;4
RM074A3;4
RM196A1;5
RM196A2;5
RM196A3;5
RM212A1;5
RM212A2;5
RM212A3;5
RM348A1;4
RM348A2;4
RM348A3;4
RM644A1;4
RM644A2;4
RM644A3;4
RM644A4;4
RM862A1;6
RM862A2;6
RM862A3;6
RM058A1;3
RM058A2;3
RM058A3;3
RM058C1;3
RM058C2;3
RM058C3;3
RM061A1;4
RM061A2;4
RM061A3;4
RM061C1;4
RM061C2;4
RM061C3;4
RM070A1;4
RM070A2;4
RM070A3;4
RM070C1;4
RM070C2;4
RM070C3;4
RM176C1;4
RM176C2;4
RM176C3;4
RM245A1;4
RM245A2;4
RM245A3;4
RM245C1;4
RM245C2;4
RM245C3;4
RM318A1;4
RM318A2;4
RM318A3;4
RM318C1;4
RM318C2;4
RM318C3;4
RM482A1;5
RM482A2;5
RM643A1;3
RM643A2;3
RM643A3;3
RM646A1;4
RM646A2;4
RM646A3;4
RM665A1;5
RM665A2;5
RM665A3;5
RM673A1;5
RM673A2;5
RM673A3;5
RM771C1;4
RM771C2;4
RM771C3;4
RM777A1;5
RM777A2;5
RM777A3;5
RM805A1;6
RM805A2;6
RM805A3;6
RM887A1;4
RM887A2;4
RM887A3;4
RM887C1;4
RM887C2;4
RM887C3;4
RM894A1;3
RM894A2;3
RM894A3;3
RM995A1;4
RM995A2;4
RM995A3;4
RM546A1;5
RM546A2;5
RM546A3;5
RM716A1;4
RM716A2;4
RM716A3;4
RM716C1;4
RM716C2;4
RM716C3;4
RM027A1;2
RM027A2;2
RM027A3;2
RM027C1;2
RM027C2;2
RM027C3;2
RM028A1;2
RM028A2;2
RM028A3;2
RM029A1;2
RM029A2;2
RM029A3;2
RM030A1;1
RM030A2;1
RM030A3;1
RM109A1;2
RM109A2;2
RM109A3;2
RM129A1;2
RM129A2;2
RM132A1;3
RM132A2;3
RM132A3;3
RM132C1;3
RM132C2;3
RM132C3;3
RM188A1;2
RM188A2;2
RM188A3;2
RM322A1;1
RM322A2;1
RM322A3;1
RM354A1;3
RM354A2;3
RM354A3;3
RM354C1;3
RM354C2;3
RM354C3;3
RM585A1;2
RM585A2;2
RM585A3;2
RM727A1;3
RM727A2;3
RM727A3;3
RM752A1;2
RM752A2;2
RM752A3;2
RM752C1;2
RM752C2;2
RM752C3;2
RM910A1;2
RM910A2;2
RM910A3;2
RM757A1;1
RM757A2;1
RM757A3;1
RM757C1;1
RM757C2;1
RM757C3;1
RM882C1;1
RM882C2;1
RM882C3;1
RM032A1;1
RM032A2;1
RM032A3;1
RM141A1;3
RM141A2;3
RM141A3;3
RM142A1;2
RM142A2;2
RM142A3;2
RM143A1;2
RM143A2;2
RM143A3;2
RM145A1;2
RM145A2;2
RM145A3;2
RM192A1;3
RM192A2;3
RM192A3;3
RM611A1;3
RM611A2;3
RM611A3;3
RM932A1;3
RM932A2;3
RM932A3;3
RM062A1;4
RM062A2;4
RM062A3;4
RM001U1;1
RM001U2;1
RM001U3;1
RM002U1;1
RM002U2;1
RM003U1;1
RM003U2;1
RM003U3;1
RM004U1;1
RM004U2;1
RM004U3;1
RM005U1;1
RM005U2;1
RM006U1;1
RM006U2;1
RM006U3;1
RM008U1;1
RM008U2;1
RM008U3;1
RM014U1;2
RM014U2;2
RM014U3;2
RM015U1;1
RM015U2;1
RM015U3;1
RM016U1;1
RM016U2;1
RM017U1;1
RM017U2;1
RM017U3;1
RM018U1;1
RM018U2;1
RM018U3;1
RM019U1;2
RM019U2;2
RM019U3;2
RM020U1;2
RM020U2;2
RM020U3;2
RM021U1;2
RM021U2;2
RM021U3;2
RM023U1;2
RM023U2;2
RM023U3;2
RM024U1;2
RM024U2;2
RM024U3;2
RM025U1;2
RM025U2;2
RM025U3;2
RM026U1;1
RM026U2;1
RM026U3;1
RM001V1;1
RM001V2;1
RM001V3;1
RM002V1;1
RM002V2;1
RM003V1;1
RM003V2;1
RM003V3;1
RM004V1;1
RM004V2;1
RM004V3;1
RM005V1;1
RM005V2;1
RM006V1;1
RM006V2;1
RM006V3;1
RM008V1;1
RM008V2;1
RM008V3;1
RM014V1;2
RM014V2;2
RM014V3;2
RM015V1;1
RM015V2;1
RM015V3;1
RM016V1;1
RM016V2;1
RM017V1;1
RM017V2;1
RM017V3;1
RM018V1;1
RM018V2;1
RM018V3;1
RM019V1;2
RM019V2;2
RM019V3;2
RM020V1;2
RM020V2;2
RM020V3;2
RM021V1;2
RM021V2;2
RM021V3;2
RM023V1;2
RM023V2;2
RM023V3;2
RM024V1;2
RM024V2;2
RM024V3;2
RM025V1;2
RM025V2;2
RM025V3;2
RM026V1;1
RM026V2;1
RM026V3;1
RM083V1;2
RM083V2;2
RM083V3;2
RM190V1;2
RM190V2;2
RM190V3;2
RM225V1;1
RM226V1;1
RM227V1;1
RM229V1;1
RM230V1;1
RM241V1;1
RM262V1;1
RM262V2;1
RM262V3;1
RM337V1;1
RM337V2;1
RM337V3;1
RM360V1;2
RM360V2;2
RM360V3;2
RM400V1;1
RM400V2;1
RM400V3;1
RM401V1;1
RM401V2;1
RM401V3;1
RM440V1;2
RM444V1;1
RM083U1;2
RM083U2;2
RM083U3;2
RM190U1;2
RM190U2;2
RM190U3;2
RM225U1;1
RM226U1;1
RM227U1;1
RM229U1;1
RM230U1;1
RM241U1;1
RM262U1;1
RM262U2;1
RM262U3;1
RM337U1;1
RM337U2;1
RM337U3;1
RM360U1;2
RM360U2;2
RM360U3;2
RM400U1;1
RM400U2;1
RM400U3;1
RM401U1;1
RM401U2;1
RM401U3;1
RM440U1;2
RM444U1;1
RM525U1;1
RM531U1;1
RM550U1;1
RM550U2;1
RM550U3;1
RM614U1;1
RM614U2;1
RM614U3;1
RM679U1;2
RM721U1;2
RM721U2;2
RM721U3;2
RM737U1;3
RM737U2;3
RM737U3;3
RM778U1;1
RM614V1;1
RM614V2;1
RM614V3;1
RM679V1;2
RM721V1;2
RM721V2;2
RM721V3;2
RM737V1;3
RM737V2;3
RM737V3;3
RM856V1;1
RM864V1;1
RM864V2;1
RM864V3;1
RM879V1;1
RM927V1;2
RM927V2;2
RM927V3;2
RM793U1;1
RM793U2;1
RM793U3;1
RM856U1;1
RM864U1;1
RM864U2;1
RM864U3;1
RM879U1;1
RM793V1;1
RM793V2;1
RM793V3;1
RM550V1;1
RM550V2;1
RM550V3;1
RM927U1;2
RM927U2;2
RM927U3;2
RM015W1;1
RM015W2;1
RM015W3;1
RM337W1;1
RM337W2;1
RM337W3;1
RM008W1;1
RM008W2;1
RM008W3;1
RM018W1;1
RM018W2;1
RM018W3;1
RM614W1;1
RM614W2;1
RM614W3;1
RM016W1;1
RM016W2;1
RM360W1;2
RM360W2;2
RM360W3;2
RM020W1;2
RM020W2;2
RM020W3;2
RM721W1;2
RM721W2;2
RM721W3;2
RM021W1;2
RM021W2;2
RM021W3;2
RM023W1;2
RM023W2;2
RM023W3;2
RM019W1;2
RM019W2;2
RM019W3;2
RM003W1;1
RM003W2;1
RM003W3;1
RM004W1;1
RM004W2;1
RM004W3;1
RM006W1;1
RM006W2;1
RM006W3;1
RM190W1;2
RM190W2;2
RM190W3;2
RM927W1;2
RM927W2;2
RM927W3;2
RM017W1;1
RM017W2;1
RM017W3;1
RM024W1;2
RM024W2;2
RM024W3;2
RM737W1;3
RM737W2;3
RM737W3;3
RM864W1;1
RM864W2;1
RM864W3;1
RM083W1;2
RM083W2;2
RM083W3;2
RM793W1;1
RM793W2;1
RM793W3;1
RM525V1;1
RM531V1;1
RM072D1;5
RM072D2;5
RM072D3;5
RM077D1;3
RM077D2;3
RM077D3;3
RM078D1;4
RM078D2;4
RM078D3;4
RM094D1;5
RM094D2;5
RM094D3;5
RM095D1;4
RM095D2;4
RM148D1;4
RM148D2;4
RM148D3;4
RM195D1;6
RM195D2;6
RM195D3;6
RM199D1;6
RM199D2;6
RM199D3;6
RM201D1;6
RM201D2;6
RM201D3;6
RM202D1;6
RM202D2;6
RM202D3;6
RM203D1;6
RM203D3;6
RM204D1;6
RM204D2;6
RM243D1;6
RM247D1;6
RM247D2;6
RM247D3;6
RM323D1;5
RM323D2;5
RM323D3;5
RM331D2;5
RM332D1;6
RM332D2;6
RM332D3;6
RM338D1;6
RM338D2;6
RM338D3;6
RM359D1;5
RM359D2;5
RM361D1;4
RM361D2;4
RM361D3;4
RM463D1;5
RM463D2;5
RM463D3;5
RM471D1;5
RM471D3;5
RM650D1;5
RM650D2;5
RM650D3;5
RM655D1;6
RM695D1;5
RM695D2;5
RM698D1;6
RM698D2;6
RM698D3;6
RM699D1;6
RM699D2;6
RM699D3;6
RM719D1;6
RM719D2;6
RM072G1;5
RM072G2;5
RM072G3;5
RM077G1;3
RM077G2;3
RM077G3;3
RM078G1;4
RM078G2;4
RM078G3;4
RM094G1;5
RM094G2;5
RM094G3;5
RM095G1;4
RM095G2;4
RM095G3;4
RM148G1;4
RM148G2;4
RM148G3;4
RM195G1;6
RM195G2;6
RM195G3;6
RM197G1;6
RM197G2;6
RM197G3;6
RM198G1;6
RM198G2;6
RM198G3;6
RM200G1;6
RM200G2;6
RM200G3;6
RM201G1;6
RM201G2;6
RM201G3;6
RM202G1;6
RM202G2;6
RM202G3;6
RM203G1;6
RM203G2;6
RM203G3;6
RM238G1;5
RM238G2;5
RM238G3;5
RM247G1;6
RM247G2;6
RM247G3;6
RM252G1;6
RM252G2;6
RM252G3;6
RM254G1;5
RM254G2;5
RM254G3;5
RM766G1;5
RM766G2;5
RM766G3;5
RM842D1;4
RM842D2;4
RM842D3;4
RM897D1;5
RM897D2;5
RM897D3;5
RM782G1;6
RM782G2;6
RM782G3;6
RM790G1;5
RM790G2;5
RM790G3;5
RM802G1;5
RM802G2;5
RM802G3;5
RM806G1;5
RM806G2;5
RM806G3;5
RM809G1;4
RM809G2;4
RM809G3;4
RM819G1;5
RM819G2;5
RM819G3;5
RM925D1;4
RM925D2;4
RM925D3;4
RM941D1;6
RM941D2;6
RM941D3;6
RM925G1;4
RM925G2;4
RM925G3;4
RM941G1;6
RM941G2;6
RM941G3;6
RM794D1;6
RM794D2;6
RM794D3;6
RM798D1;6
RM798D2;6
RM798D3;6
RM802D1;5
RM802D2;5
RM802D3;5
RM809D1;4
RM809D2;4
RM809D3;4
RM551D1;6
RM551D2;6
RM551D3;6
RM650G1;5
RM650G2;5
RM650G3;5
RM655G1;6
RM655G2;6
RM655G3;6
RM698G1;6
RM698G2;6
RM698G3;6
RM699G1;6
RM699G2;6
RM699G3;6
RM719G1;6
RM719G2;6
RM719G3;6
RM361G1;4
RM361G2;4
RM361G3;4
RM393G1;6
RM393G2;6
RM393G3;6
RM407G1;6
RM407G2;6
RM407G3;6
RM463G1;5
RM463G2;5
RM463G3;5
RM471G1;5
RM471G2;5
RM471G3;5
RM200G4;6
RM551G1;6
RM551G2;6
RM551G3;6
RM331G1;5
RM331G3;5
RM332G1;6
RM332G2;6
RM332G3;6
RM359G1;5
RM359G2;5
RM471G4;5
RM471D4;5
RM842G1;4
RM842G2;4
RM842G3;4
RM853G1;6
RM853G2;6
RM853G3;6
RM897G1;5
RM897G2;5
RM897G3;5
RM032U1;1
RM032U2;1
RM032U3;1
RM033U1;1
RM033U2;1
RM033U3;1
RM034U1;2
RM034U2;2
RM032V1;1
RM032V2;1
RM032V3;1
RM033V1;1
RM033V2;1
RM033V3;1
RM034V1;2
RM034V2;2
RM125V1;3
RM125V2;3
RM125V3;3
RM133V1;3
RM133V3;3
RM134V1;3
RM134V2;3
RM134V3;3
RM136V1;4
RM136V2;4
RM137V1;3
RM137V2;3
RM137V3;3
RM139V1;3
RM139V2;3
RM139V3;3
RM140V1;3
RM140V2;3
RM140V3;3
RM141V1;3
RM141V2;3
RM141V3;3
RM142V1;2
RM142V2;2
RM142V3;2
RM143V1;2
RM143V2;2
RM143V3;2
RM144V1;2
RM144V2;2
RM144V3;2
RM145V1;2
RM145V2;2
RM145V3;2
RM146V1;3
RM146V2;3
RM146V3;3
RM149V1;3
RM149V2;3
RM149V3;3
RM153V1;3
RM153V2;3
RM153V3;3
RM155V1;3
RM155V2;3
RM155V3;3
RM157V1;3
RM157V2;3
RM157V3;3
RM158V1;4
RM158V2;4
RM158V3;4
RM160V1;4
RM160V2;4
RM160V3;4
RM167V1;4
RM167V2;4
RM167V3;4
RM168V1;4
RM168V2;4
RM168V3;4
RM169V1;4
RM169V2;4
RM169V3;4
RM170V1;5
RM170V2;5
RM170V3;5
RM171V1;5
RM171V2;5
RM171V3;5
RM184V1;3
RM184V2;3
RM184V3;3
RM187V1;3
RM187V2;3
RM187V3;3
RM214V1;2
RM214V2;2
RM214V3;2
RM255V1;3
RM255V2;3
RM255V3;3
RM289V1;5
RM289V2;5
RM289V3;5
RM340V1;3
RM340V2;3
RM340V3;3
RM345V1;4
RM345V2;4
RM345V3;4
RM363V1;5
RM363V2;5
RM363V3;5
RM125U1;3
RM125U2;3
RM125U3;3
RM133U1;3
RM133U3;3
RM134U1;3
RM134U2;3
RM134U3;3
RM136U1;4
RM136U2;4
RM137U1;3
RM137U2;3
RM137U3;3
RM139U1;3
RM139U2;3
RM139U3;3
RM140U1;3
RM140U2;3
RM140U3;3
RM141U1;3
RM141U2;3
RM141U3;3
RM142U1;2
RM142U2;2
RM142U3;2
RM143U1;2
RM143U2;2
RM143U3;2
RM144U1;2
RM144U2;2
RM144U3;2
RM145U1;2
RM145U2;2
RM145U3;2
RM146U1;3
RM146U2;3
RM146U3;3
RM149U1;3
RM149U2;3
RM149U3;3
RM153U1;3
RM153U2;3
RM153U3;3
RM154U1;3
RM154U2;3
RM154U3;3
RM155U1;3
RM155U2;3
RM155U3;3
RM157U1;3
RM157U2;3
RM157U3;3
RM158U1;4
RM158U2;4
RM158U3;4
RM159U1;4
RM159U2;4
RM159U3;4
RM160U1;4
RM160U2;4
RM160U3;4
RM167U1;4
RM167U2;4
RM167U3;4
RM168U1;4
RM168U2;4
RM168U3;4
RM169U1;4
RM169U2;4
RM169U3;4
RM170U1;5
RM170U2;5
RM170U3;5
RM171U1;5
RM171U2;5
RM171U3;5
RM184U1;3
RM184U2;3
RM184U3;3
RM187U1;3
RM187U2;3
RM187U3;3
RM214U1;2
RM214U2;2
RM214U3;2
RM255U1;3
RM255U2;3
RM255U3;3
RM289U1;5
RM289U2;5
RM289U3;5
RM340U1;3
RM340U2;3
RM340U3;3
RM345U1;4
RM345U2;4
RM345U3;4
RM363U1;5
RM363U2;5
RM363U3;5
RM545U1;4
RM545U2;4
RM545U3;4
RM584U1;3
RM584U2;3
RM584U3;3
RM588U1;4
RM588U2;4
RM588U3;4
RM154V1;3
RM154V2;3
RM154V3;3
RM159V1;4
RM159V2;4
RM159V3;4
RM615U1;4
RM615U2;4
RM615U3;4
RM628U1;3
RM628U2;3
RM628U3;3
RM629U1;3
RM629U2;3
RM629U3;3
RM634U1;3
RM634U2;3
RM634U3;3
RM682U1;4
RM682U2;4
RM682U3;4
RM723U1;4
RM723U2;4
RM723U3;4
RM727U1;3
RM727U2;3
RM727U3;3
RM755U1;3
RM755U2;3
RM755U3;3
RM759U1;5
RM759U2;5
RM759U3;5
RM760U1;5
RM760U2;5
RM760U3;5
RM615V1;4
RM615V2;4
RM615V3;4
RM628V1;3
RM628V2;3
RM628V3;3
RM629V1;3
RM629V2;3
RM629V3;3
RM634V1;3
RM634V2;3
RM634V3;3
RM682V1;4
RM682V2;4
RM682V3;4
RM723V1;4
RM723V2;4
RM723V3;4
RM727V1;3
RM727V2;3
RM727V3;3
RM755V1;3
RM755V2;3
RM755V3;3
RM759V1;5
RM759V2;5
RM759V3;5
RM760V1;5
RM760V2;5
RM760V3;5
RM849V1;4
RM849V2;4
RM849V3;4
RM852V1;4
RM852V2;4
RM852V3;4
RM932V1;3
RM932V2;3
RM932V3;3
RM933V1;3
RM933V2;3
RM933V3;3
RM849U1;4
RM849U2;4
RM849U3;4
RM852U1;4
RM852U2;4
RM852U3;4
RM545V1;4
RM545V2;4
RM545V3;4
RM584V1;3
RM584V2;3
RM584V3;3
RM588V1;4
RM588V2;4
RM588V3;4
RM932U1;3
RM932U2;3
RM932U3;3
RM933U1;3
RM933U2;3
RM933U3;3
RM629U4;3
RM629V4;3
RM615V4;4
RM615U4;4
RM142W1;2
RM142W2;2
RM142W3;2
RM171W1;5
RM171W2;5
RM171W3;5
RM363W1;5
RM363W2;5
RM363W3;5
RM723W1;4
RM723W2;4
RM723W3;4
RM134W1;3
RM134W2;3
RM134W3;3
RM137W1;3
RM137W2;3
RM137W3;3
RM146W1;3
RM146W2;3
RM146W3;3
RM153W1;3
RM153W2;3
RM153W3;3
RM759W1;5
RM759W2;5
RM759W3;5
RM139W1;3
RM139W2;3
RM139W3;3
RM154W1;3
RM154W2;3
RM154W3;3
RM255W1;3
RM255W2;3
RM255W3;3
RM628W1;3
RM628W2;3
RM628W3;3
RM682W1;4
RM682W2;4
RM682W3;4
RM141W1;3
RM141W2;3
RM141W3;3
RM143W1;2
RM143W2;2
RM143W3;2
RM144W1;2
RM144W2;2
RM144W3;2
RM187W1;3
RM187W2;3
RM187W3;3
RM727W1;3
RM727W2;3
RM727W3;3
RM125W1;3
RM125W2;3
RM125W3;3
RM140W1;3
RM140W2;3
RM140W3;3
RM145W1;2
RM145W2;2
RM145W3;2
RM157W1;3
RM157W2;3
RM157W3;3
RM158W1;4
RM158W2;4
RM158W3;4
RM159W1;4
RM159W2;4
RM159W3;4
RM584W1;3
RM584W2;3
RM584W3;3
RM849W1;4
RM849W2;4
RM849W3;4
RM932W1;3
RM932W2;3
RM932W3;3
RM032W1;1
RM032W2;1
RM032W3;1
RM340W1;3
RM340W2;3
RM340W3;3
RM345W1;4
RM345W2;4
RM345W3;4
RM167W1;4
RM167W2;4
RM167W3;4
RM169W1;4
RM169W2;4
RM169W3;4
RM160W1;4
RM160W2;4
RM160W3;4
RM852W1;4
RM852W2;4
RM852W3;4
RM289W1;5
RM289W2;5
RM289W3;5
RM588W1;4
RM588W2;4
RM588W3;4
RM149W1;3
RM149W2;3
RM149W3;3
RM168W1;4
RM168W2;4
RM168W3;4
RM184W1;3
RM184W2;3
RM184W3;3
RM034W1;2
RM034W2;2
RM133W1;3
RM133W3;3
RM155W1;3
RM155W2;3
RM155W3;3
RM933W1;3
RM933W2;3
RM933W3;3
RM095V1;4
RM095V2;4
RM095V3;4
RM096V1;5
RM096V2;5
RM096V3;5
RM097V1;4
RM097V2;4
RM097V3;4
RM098V1;4
RM098V2;4
RM098V3;4
RM099V1;4
RM099V2;4
RM099V3;4
RM100V1;4
RM100V2;4
RM100V3;4
RM101V1;4
RM101V2;4
RM117V1;5
RM117V2;5
RM117V3;5
RM224V1;4
RM224V2;4
RM224V3;4
RM238V1;5
RM238V2;5
RM238V3;5
RM254V1;5
RM254V2;5
RM254V3;5
RM260V1;5
RM260V2;5
RM260V3;5
RM290V1;5
RM290V2;5
RM290V3;5
RM291V1;5
RM291V2;5
RM291V3;5
RM292V1;5
RM292V2;5
RM292V3;5
RM293V1;5
RM293V2;5
RM293V3;5
RM306V1;5
RM306V2;5
RM306V3;5
RM323V1;5
RM323V2;5
RM323V3;5
RM325V1;4
RM325V2;4
RM325V3;4
RM350V1;4
RM350V2;4
RM350V3;4
RM351V1;4
RM351V2;4
RM368V1;4
RM368V2;4
RM368V3;4
RM409V1;4
RM409V2;4
RM409V3;4
RM095U1;4
RM095U2;4
RM095U3;4
RM096U1;5
RM096U2;5
RM096U3;5
RM097U1;4
RM097U2;4
RM097U3;4
RM098U1;4
RM098U2;4
RM098U3;4
RM099U1;4
RM099U2;4
RM099U3;4
RM100U1;4
RM100U2;4
RM100U3;4
RM101U1;4
RM101U2;4
RM117U1;5
RM117U2;5
RM117U3;5
RM224U1;4
RM224U2;4
RM224U3;4
RM238U1;5
RM238U2;5
RM238U3;5
RM254U1;5
RM254U2;5
RM254U3;5
RM260U1;5
RM260U2;5
RM260U3;5
RM290U1;5
RM290U2;5
RM290U3;5
RM291U1;5
RM291U2;5
RM291U3;5
RM292U1;5
RM292U2;5
RM292U3;5
RM293U1;5
RM293U2;5
RM293U3;5
RM306U1;5
RM306U2;5
RM306U3;5
RM323U1;5
RM323U2;5
RM323U3;5
RM325U1;4
RM325U2;4
RM325U3;4
RM350U1;4
RM350U2;4
RM350U3;4
RM351U1;4
RM351U2;4
RM368U1;4
RM368U2;4
RM368U3;4
RM409U1;4
RM409U2;4
RM409U3;4
RM563U1;4
RM563U2;4
RM564U1;4
RM583U1;4
RM583U2;4
RM583U3;4
RM697U1;5
RM697U2;5
RM697U3;5
RM701U1;4
RM701U2;4
RM701U3;4
RM702U1;5
RM702U2;5
RM702U3;5
RM697V1;5
RM697V2;5
RM697V3;5
RM701V1;4
RM701V2;4
RM701V3;4
RM702V1;5
RM702V2;5
RM702V3;5
RM865V1;4
RM865V2;4
RM865V3;4
RM890V1;4
RM925V1;4
RM925V2;4
RM925V3;4
RM783U1;5
RM783U2;5
RM783U3;5
RM795U1;5
RM795U2;5
RM795U3;5
RM814U1;4
RM814U2;4
RM814U3;4
RM819U1;5
RM819U2;5
RM819U3;5
RM865U1;4
RM865U2;4
RM865U3;4
RM890U1;4
RM783V1;5
RM783V2;5
RM783V3;5
RM795V1;5
RM795V2;5
RM795V3;5
RM814V1;4
RM814V2;4
RM814V3;4
RM819V1;5
RM819V2;5
RM819V3;5
RM563V1;4
RM563V2;4
RM564V1;4
RM583V1;4
RM583V2;4
RM583V3;4
RM925U1;4
RM925U2;4
RM925U3;4
RM697U4;5
RM697V4;5
RM985V1;5
RM985U1;5
RM702W1;5
RM702W2;5
RM702W3;5
RM100W1;4
RM100W2;4
RM100W3;4
RM291W1;5
RM291W2;5
RM291W3;5
RM096W1;5
RM096W2;5
RM096W3;5
RM117W1;5
RM117W2;5
RM117W3;5
RM795W1;5
RM795W2;5
RM795W3;5
RM238W1;5
RM238W2;5
RM238W3;5
RM260W1;5
RM260W2;5
RM260W3;5
RM306W1;5
RM306W2;5
RM306W3;5
RM350W1;4
RM350W2;4
RM350W3;4
RM583W1;4
RM583W2;4
RM583W3;4
RM814W1;4
RM814W2;4
RM814W3;4
RM563W1;4
RM563W2;4
RM290W1;5
RM290W2;5
RM290W3;5
RM254W1;5
RM254W2;5
RM254W3;5
RM890W1;4
RM098W1;4
RM098W2;4
RM098W3;4
RM865W1;4
RM865W2;4
RM865W3;4
RM224W1;4
RM224W2;4
RM224W3;4
RM097W1;4
RM097W2;4
RM097W3;4
RM325W1;4
RM325W2;4
RM325W3;4
RM925W1;4
RM925W2;4
RM925W3;4
RM292W1;5
RM292W2;5
RM292W3;5
RM099W1;4
RM099W2;4
RM099W3;4
RM701W1;4
RM701W2;4
RM701W3;4
RM819W1;5
RM819W2;5
RM819W3;5
RM409W1;4
RM409W2;4
RM409W3;4
RM086V1;3
RM086V2;3
RM086V3;3
RM087V1;2
RM087V2;2
RM088V1;2
RM088V2;2
RM088V3;2
RM089V1;2
RM089V2;2
RM089V3;2
RM090V1;2
RM090V2;2
RM090V3;2
RM091V1;3
RM091V2;3
RM091V3;3
RM102V1;4
RM102V2;4
RM103V1;3
RM103V2;3
RM103V3;3
RM104V1;3
RM104V2;3
RM104V3;3
RM110V1;2
RM110V2;2
RM110V3;2
RM111V1;2
RM111V2;2
RM111V3;2
RM112V1;2
RM112V2;2
RM112V3;2
RM113V1;4
RM113V2;4
RM113V3;4
RM114V1;4
RM114V2;4
RM114V3;4
RM115V1;4
RM115V2;4
RM115V3;4
RM116V1;4
RM116V2;4
RM116V3;4
RM118V1;4
RM118V2;4
RM118V3;4
RM119V1;5
RM119V2;5
RM119V3;5
RM121V1;4
RM121V2;4
RM121V3;4
RM122V1;3
RM122V2;3
RM122V3;3
RM123V1;3
RM123V2;3
RM123V3;3
RM124V1;3
RM124V2;3
RM124V3;3
RM181V1;4
RM181V2;4
RM181V3;4
RM183V1;4
RM183V2;4
RM183V3;4
RM189V1;3
RM189V2;3
RM189V3;3
RM210V1;4
RM210V2;4
RM210V3;4
RM221V1;4
RM221V2;4
RM221V3;4
RM267V1;3
RM330V1;3
RM330V2;3
RM330V3;3
RM362V1;4
RM362V2;4
RM362V3;4
RM365V1;3
RM365V2;3
RM365V3;3
RM367V1;4
RM367V2;4
RM367V3;4
RM433V1;3
RM086U1;3
RM086U2;3
RM086U3;3
RM087U1;2
RM087U2;2
RM088U1;2
RM088U2;2
RM088U3;2
RM089U1;2
RM089U2;2
RM089U3;2
RM090U1;2
RM090U2;2
RM090U3;2
RM091U1;3
RM091U2;3
RM091U3;3
RM102U1;4
RM102U2;4
RM103U1;3
RM103U2;3
RM103U3;3
RM104U1;3
RM104U2;3
RM104U3;3
RM110U1;2
RM110U2;2
RM110U3;2
RM111U1;2
RM111U2;2
RM111U3;2
RM112U1;2
RM112U2;2
RM112U3;2
RM113U1;4
RM113U2;4
RM113U3;4
RM114U1;4
RM114U2;4
RM114U3;4
RM115U1;4
RM115U2;4
RM115U3;4
RM116U1;4
RM116U2;4
RM116U3;4
RM118U1;4
RM118U2;4
RM118U3;4
RM119U1;5
RM119U2;5
RM119U3;5
RM121U1;4
RM121U2;4
RM121U3;4
RM122U1;3
RM122U2;3
RM122U3;3
RM123U1;3
RM123U2;3
RM123U3;3
RM124U1;3
RM124U2;3
RM124U3;3
RM181U1;4
RM181U2;4
RM181U3;4
RM183U1;4
RM183U2;4
RM183U3;4
RM189U1;3
RM189U2;3
RM189U3;3
RM210U1;4
RM210U2;4
RM210U3;4
RM221U1;4
RM221U2;4
RM221U3;4
RM267U1;3
RM330U1;3
RM330U2;3
RM330U3;3
RM362U1;4
RM362U2;4
RM362U3;4
RM365U1;3
RM365U2;3
RM365U3;3
RM367U1;4
RM367U2;4
RM367U3;4
RM433U1;3
RM517U1;3
RM517U2;3
RM517U3;3
RM548U1;2
RM548U2;2
RM548U3;2
RM596U1;5
RM596U2;5
RM613U1;3
RM613U2;3
RM613U3;3
RM616U1;4
RM616U2;4
RM616U3;4
RM617U1;3
RM617U2;3
RM617U3;3
RM619U1;3
RM619U2;3
RM619U3;3
RM622U1;3
RM622U2;3
RM622U3;3
RM624U1;4
RM624U2;4
RM624U3;4
RM625U1;4
RM625U2;4
RM625U3;4
RM626U1;4
RM626U2;4
RM626U3;4
RM728U1;3
RM728U2;3
RM747U1;4
RM747U2;4
RM747U3;4
RM779U1;4
RM779U2;4
RM779U3;4
RM613V1;3
RM613V2;3
RM613V3;3
RM616V1;4
RM616V2;4
RM616V3;4
RM617V1;3
RM617V2;3
RM617V3;3
RM619V1;3
RM619V2;3
RM619V3;3
RM622V1;3
RM622V2;3
RM622V3;3
RM624V1;4
RM624V2;4
RM624V3;4
RM625V1;4
RM625V2;4
RM625V3;4
RM626V1;4
RM626V2;4
RM626V3;4
RM728V1;3
RM728V2;3
RM747V1;4
RM747V2;4
RM747V3;4
RM779V1;4
RM779V2;4
RM779V3;4
RM850V1;5
RM850V2;5
RM850V3;5
RM867V1;3
RM867V2;3
RM867V3;3
RM915V1;4
RM915V2;4
RM915V3;4
RM923V1;3
RM923V2;3
RM923V3;3
RM850U1;5
RM850U2;5
RM850U3;5
RM867U1;3
RM867U2;3
RM867U3;3
RM548V1;2
RM548V2;2
RM548V3;2
RM596V1;5
RM596V2;5
RM915U1;4
RM915U2;4
RM915U3;4
RM923U1;3
RM923U2;3
RM923U3;3
RM976V1;3
RM983V1;4
RM983V2;4
RM988V1;3
RM976U1;3
RM983U1;4
RM983U2;4
RM988U1;3
RM517W1;3
RM517W2;3
RM517W3;3
RM779W1;4
RM779W2;4
RM779W3;4
RM983W1;4
RM983W2;4
RM088W1;2
RM088W2;2
RM088W3;2
RM089W1;2
RM089W2;2
RM089W3;2
RM090W1;2
RM090W2;2
RM090W3;2
RM091W1;3
RM091W2;3
RM091W3;3
RM619W1;3
RM619W2;3
RM619W3;3
RM728W1;3
RM728W2;3
RM548W1;2
RM548W2;2
RM548W3;2
RM118W1;4
RM118W2;4
RM118W3;4
RM123W1;3
RM123W2;3
RM123W3;3
RM183W1;4
RM183W2;4
RM183W3;4
RM915W1;4
RM915W2;4
RM915W3;4
RM122W1;3
RM122W2;3
RM122W3;3
RM124W1;3
RM124W2;3
RM124W3;3
RM221W1;4
RM221W2;4
RM221W3;4
RM747W1;4
RM747W2;4
RM747W3;4
RM616W1;4
RM616W2;4
RM616W3;4
RM112W1;2
RM112W2;2
RM112W3;2
RM113W1;4
RM113W2;4
RM113W3;4
RM119W1;5
RM119W2;5
RM119W3;5
RM121W1;4
RM121W2;4
RM121W3;4
RM181W1;4
RM181W2;4
RM181W3;4
RM189W1;3
RM189W2;3
RM189W3;3
RM362W1;4
RM362W2;4
RM362W3;4
RM367W1;4
RM367W2;4
RM367W3;4
RM624W1;4
RM624W2;4
RM624W3;4
RM850W1;5
RM850W2;5
RM850W3;5
RM923W1;3
RM923W2;3
RM923W3;3
RM086W1;3
RM086W2;3
RM086W3;3
RM103W1;3
RM103W2;3
RM103W3;3
RM104W1;3
RM104W2;3
RM104W3;3
RM617W1;3
RM617W2;3
RM617W3;3
RM102W1;4
RM102W2;4
RM267W1;3
RM433W1;3
RM114W1;4
RM114W2;4
RM114W3;4
RM116W1;4
RM116W2;4
RM116W3;4
RM596W1;5
RM596W2;5
RM087W1;2
RM087W2;2
RM330W1;3
RM330W2;3
RM330W3;3
RM613W1;3
RM613W2;3
RM613W3;3
RM110W1;2
RM110W2;2
RM110W3;2
RM867W1;3
RM867W2;3
RM867W3;3
RM517V1;3
RM517V2;3
RM517V3;3
RM007U1;1
RM007U2;1
RM007U3;1
RM009U1;2
RM009U2;2
RM009U3;2
RM010U1;1
RM010U2;1
RM010U3;1
RM011U1;1
RM011U2;1
RM011U3;1
RM012U1;1
RM012U2;1
RM012U3;1
RM013U1;1
RM013U2;1
RM013U3;1
RM027U1;2
RM027U2;2
RM027U3;2
RM028U1;2
RM028U2;2
RM028U3;2
RM029U1;2
RM029U2;2
RM029U3;2
RM030U1;1
RM030U2;1
RM030U3;1
RM031U1;2
RM031U2;2
RM031U3;2
RM007V1;1
RM007V2;1
RM007V3;1
RM009V1;2
RM009V2;2
RM009V3;2
RM010V1;1
RM010V2;1
RM010V3;1
RM011V1;1
RM011V2;1
RM011V3;1
RM012V1;1
RM012V2;1
RM012V3;1
RM013V1;1
RM013V2;1
RM013V3;1
RM027V1;2
RM027V2;2
RM027V3;2
RM028V1;2
RM028V2;2
RM028V3;2
RM029V1;2
RM029V2;2
RM029V3;2
RM030V1;1
RM030V2;1
RM030V3;1
RM031V1;2
RM031V2;2
RM031V3;2
RM105V1;2
RM105V2;2
RM105V3;2
RM106V1;2
RM106V2;2
RM106V3;2
RM107V1;2
RM107V2;2
RM108V1;2
RM108V2;2
RM108V3;2
RM109V1;2
RM109V2;2
RM109V3;2
RM126V1;2
RM126V2;2
RM127V1;2
RM127V2;2
RM127V3;2
RM128V1;2
RM128V2;2
RM128V3;2
RM129V1;2
RM129V2;2
RM129V3;2
RM130V1;3
RM130V2;3
RM131V1;3
RM131V2;3
RM131V3;3
RM132V1;3
RM132V2;3
RM132V3;3
RM185V1;1
RM185V2;1
RM185V3;1
RM188V1;2
RM188V2;2
RM188V3;2
RM191V1;2
RM191V2;2
RM191V3;2
RM270V1;2
RM270V2;2
RM322V1;1
RM322V2;1
RM322V3;1
RM341V1;1
RM341V2;1
RM341V3;1
RM354V1;3
RM354V2;3
RM354V3;3
RM105U1;2
RM105U2;2
RM105U3;2
RM106U1;2
RM106U2;2
RM106U3;2
RM107U1;2
RM107U2;2
RM108U1;2
RM108U2;2
RM108U3;2
RM109U1;2
RM109U2;2
RM109U3;2
RM126U1;2
RM126U2;2
RM127U1;2
RM127U2;2
RM127U3;2
RM128U1;2
RM128U2;2
RM128U3;2
RM129U1;2
RM129U2;2
RM129U3;2
RM130U1;3
RM130U2;3
RM131U1;3
RM131U2;3
RM131U3;3
RM132U1;3
RM132U2;3
RM132U3;3
RM185U1;1
RM185U2;1
RM185U3;1
RM188U1;2
RM188U2;2
RM188U3;2
RM191U1;2
RM191U2;2
RM191U3;2
RM270U1;2
RM270U2;2
RM322U1;1
RM322U2;1
RM322U3;1
RM341U1;1
RM341U2;1
RM341U3;1
RM354U1;3
RM354U2;3
RM354U3;3
RM561U1;1
RM561U2;1
RM561U3;1
RM585U1;2
RM585U2;2
RM585U3;2
RM586U1;1
RM586U2;1
RM586U3;1
RM618U1;1
RM618U2;1
RM731U1;2
RM731U2;2
RM731U3;2
RM732U1;2
RM732U2;2
RM732U3;2
RM752U1;2
RM752U2;2
RM752U3;2
RM757U1;1
RM757U2;1
RM757U3;1
RM618V1;1
RM618V2;1
RM731V1;2
RM731V2;2
RM731V3;2
RM732V1;2
RM732V2;2
RM732V3;2
RM752V1;2
RM752V2;2
RM752V3;2
RM757V1;1
RM757V2;1
RM757V3;1
RM882V1;1
RM882V2;1
RM882V3;1
RM910V1;2
RM910V2;2
RM910V3;2
RM914V1;2
RM914V2;2
RM914V3;2
RM918V1;3
RM918V2;3
RM918V3;3
RM813U1;2
RM813U2;2
RM813U3;2
RM882U1;1
RM882U2;1
RM882U3;1
RM813V1;2
RM813V2;2
RM813V3;2
RM561V1;1
RM561V2;1
RM561V3;1
RM585V1;2
RM585V2;2
RM585V3;2
RM586V1;1
RM586V2;1
RM586V3;1
RM910U1;2
RM910U2;2
RM910U3;2
RM914U1;2
RM914U2;2
RM914U3;2
RM918U1;3
RM918U2;3
RM918U3;3
RM030W1;1
RM030W2;1
RM030W3;1
RM031W1;2
RM031W2;2
RM031W3;2
RM129W1;2
RM129W2;2
RM129W3;2
RM585W1;2
RM585W2;2
RM585W3;2
RM984V1;3
RM984U1;3
RM752W1;2
RM752W2;2
RM752W3;2
RM910W1;2
RM910W2;2
RM910W3;2
RM757W1;1
RM757W2;1
RM757W3;1
RM105W1;2
RM105W2;2
RM105W3;2
RM028W1;2
RM028W2;2
RM028W3;2
RM029W1;2
RM029W2;2
RM029W3;2
RM561W1;1
RM561W2;1
RM561W3;1
RM185W1;1
RM185W2;1
RM185W3;1
RM012W1;1
RM012W2;1
RM012W3;1
RM007W1;1
RM007W2;1
RM007W3;1
RM009W1;2
RM009W2;2
RM009W3;2
RM013W1;1
RM013W2;1
RM013W3;1
RM127W1;2
RM127W2;2
RM127W3;2
RM322W1;1
RM322W2;1
RM322W3;1
RM354W1;3
RM354W2;3
RM354W3;3
RM618W1;1
RM618W2;1
RM027W1;2
RM027W2;2
RM027W3;2
RM128W1;2
RM128W2;2
RM128W3;2
RM191W1;2
RM191W2;2
RM191W3;2
RM813W1;2
RM813W2;2
RM813W3;2
RM914W1;2
RM914W2;2
RM914W3;2
RM108W1;2
RM108W2;2
RM108W3;2
RM130W1;3
RM130W2;3
RM011W1;1
RM011W2;1
RM011W3;1
RM731W1;2
RM731W2;2
RM731W3;2
RM132W1;3
RM132W2;3
RM132W3;3
RM109W1;2
RM109W2;2
RM109W3;2
RM188W1;2
RM188W2;2
RM188W3;2
RM270W1;2
RM270W2;2
RM341W1;1
RM341W2;1
RM341W3;1
RM882W1;1
RM882W2;1
RM882W3;1
RM918W1;3
RM918W2;3
RM918W3;3
RM010W1;1
RM010W2;1
RM010W3;1
RM194V1;6
RM194V2;6
RM194V3;6
RM195V1;6
RM195V2;6
RM195V3;6
RM197V1;6
RM197V2;6
RM197V3;6
RM198V1;6
RM198V2;6
RM198V3;6
RM199V1;6
RM199V2;6
RM199V3;6
RM200V1;6
RM200V2;6
RM200V3;6
RM201V1;6
RM201V2;6
RM201V3;6
RM202V1;6
RM202V2;6
RM202V3;6
RM203V1;6
RM203V2;6
RM203V3;6
RM204V1;6
RM204V2;6
RM247V1;6
RM247V2;6
RM247V3;6
RM252V1;6
RM252V2;6
RM252V3;6
RM332V1;6
RM332V2;6
RM332V3;6
RM338V1;6
RM338V2;6
RM338V3;6
RM393V1;6
RM393V2;6
RM393V3;6
RM407V1;6
RM407V2;6
RM407V3;6
RM194U1;6
RM194U2;6
RM194U3;6
RM195U1;6
RM195U2;6
RM195U3;6
RM197U1;6
RM197U2;6
RM197U3;6
RM198U1;6
RM198U2;6
RM198U3;6
RM199U1;6
RM199U2;6
RM199U3;6
RM200U1;6
RM200U2;6
RM200U3;6
RM201U1;6
RM201U2;6
RM201U3;6
RM202U1;6
RM202U2;6
RM202U3;6
RM203U1;6
RM203U2;6
RM203U3;6
RM204U1;6
RM204U2;6
RM247U1;6
RM247U2;6
RM247U3;6
RM252U1;6
RM252U2;6
RM252U3;6
RM332U1;6
RM332U2;6
RM332U3;6
RM338U1;6
RM338U2;6
RM338U3;6
RM393U1;6
RM393U2;6
RM393U3;6
RM407U1;6
RM407U2;6
RM407U3;6
RM551U1;6
RM551U2;6
RM551U3;6
RM655U1;6
RM655U2;6
RM655U3;6
RM698U1;6
RM698U2;6
RM698U3;6
RM699U1;6
RM699U2;6
RM699U3;6
RM719U1;6
RM719U2;6
RM719U3;6
RM655V1;6
RM655V2;6
RM655V3;6
RM698V1;6
RM698V2;6
RM698V3;6
RM699V1;6
RM699V2;6
RM699V3;6
RM719V1;6
RM719V2;6
RM719V3;6
RM853V1;6
RM853V2;6
RM853V3;6
RM862V1;6
RM862V2;6
RM862V3;6
RM941V1;6
RM941V2;6
RM941V3;6
RM946V1;6
RM946V2;6
RM946V3;6
RM782U1;6
RM782U2;6
RM782U3;6
RM794U1;6
RM794U2;6
RM794U3;6
RM798U1;6
RM798U2;6
RM798U3;6
RM805U1;6
RM805U2;6
RM805U3;6
RM853U1;6
RM853U2;6
RM853U3;6
RM862U1;6
RM862U2;6
RM862U3;6
RM782V1;6
RM782V2;6
RM782V3;6
RM794V1;6
RM794V2;6
RM794V3;6
RM798V1;6
RM798V2;6
RM798V3;6
RM805V1;6
RM805V2;6
RM805V3;6
RM551V1;6
RM551V2;6
RM551V3;6
RM941U1;6
RM941U2;6
RM941U3;6
RM946U1;6
RM946U2;6
RM946U3;6
RM200U4;6
RM200V4;6
RM551U4;6
RM551V4;6
RM202W1;6
RM202W2;6
RM202W3;6
RM203W1;6
RM203W2;6
RM203W3;6
RM204W1;6
RM204W2;6
RM655W1;6
RM655W2;6
RM655W3;6
RM782W1;6
RM782W2;6
RM782W3;6
RM407W1;6
RM407W2;6
RM407W3;6
RM698W1;6
RM698W2;6
RM698W3;6
RM332W1;6
RM332W2;6
RM332W3;6
RM338W1;6
RM338W2;6
RM338W3;6
RM853W1;6
RM853W2;6
RM853W3;6
RM794W1;6
RM794W2;6
RM794W3;6
RM862W1;6
RM862W2;6
RM862W3;6
RM719W1;6
RM719W2;6
RM719W3;6
RM941W1;6
RM941W2;6
RM941W3;6
RM198W1;6
RM198W2;6
RM198W3;6
RM393W1;6
RM393W2;6
RM393W3;6
RM699W1;6
RM699W2;6
RM699W3;6
RM195W1;6
RM195W2;6
RM195W3;6
RM247W1;6
RM247W2;6
RM247W3;6
RM252W1;6
RM252W2;6
RM252W3;6
RM798W1;6
RM798W2;6
RM798W3;6
RM805W1;6
RM805W2;6
RM805W3;6
RM946W1;6
RM946W2;6
RM946W3;6
RM194W1;6
RM194W2;6
RM194W3;6
RM197W1;6
RM197W2;6
RM197W3;6
RM070V1;4
RM070V2;4
RM070V3;4
RM072V1;5
RM072V2;5
RM072V3;5
RM245V1;4
RM245V2;4
RM245V3;4
RM266V1;4
RM331V1;5
RM331V2;5
RM331V3;5
RM352V1;5
RM352V2;5
RM352V3;5
RM359V1;5
RM359V2;5
RM070U1;4
RM070U2;4
RM070U3;4
RM072U1;5
RM072U2;5
RM072U3;5
RM245U1;4
RM245U2;4
RM245U3;4
RM266U1;4
RM331U1;5
RM331U2;5
RM331U3;5
RM352U1;5
RM352U2;5
RM352U3;5
RM359U1;5
RM359U2;5
RM483U1;4
RM771U1;4
RM771U2;4
RM771U3;4
RM775U1;5
RM775U2;5
RM775U3;5
RM777U1;5
RM777U2;5
RM777U3;5
RM771V1;4
RM771V2;4
RM771V3;4
RM775V1;5
RM775V2;5
RM775V3;5
RM777V1;5
RM777V2;5
RM777V3;5
RM897V1;5
RM897V2;5
RM897V3;5
RM790U1;5
RM790U2;5
RM790U3;5
RM806U1;5
RM806U2;5
RM806U3;5
RM897U1;5
RM897U2;5
RM897U3;5
RM790V1;5
RM790V2;5
RM790V3;5
RM806V1;5
RM806V2;5
RM806V3;5
RM995V1;4
RM995V2;4
RM995V3;4
RM995U1;4
RM995U2;4
RM995U3;4
RM331W1;5
RM331W2;5
RM331W3;5
RM806W1;5
RM806W2;5
RM806W3;5
RM245W1;4
RM245W2;4
RM245W3;4
RM790W1;5
RM790W2;5
RM790W3;5
RM897W1;5
RM897W2;5
RM897W3;5
RM995W1;4
RM995W2;4
RM995W3;4
RM359W1;5
RM359W2;5
RM352W1;5
RM352W2;5
RM352W3;5
RM777W1;5
RM777W2;5
RM777W3;5
RM483W1;4
RM070W1;4
RM070W2;4
RM070W3;4
RM072W1;5
RM072W2;5
RM072W3;5
RM771W1;4
RM771W2;4
RM771W3;4
RM775W1;5
RM775W2;5
RM775W3;5
RM483V1;4
RM064V1;4
RM064V2;4
RM064V3;4
RM065V1;4
RM065V2;4
RM065V3;4
RM174V1;5
RM174V2;5
RM174V3;5
RM196V1;5
RM196V2;5
RM196V3;5
RM212V1;5
RM212V2;5
RM212V3;5
RM326V1;4
RM326V2;4
RM326V3;4
RM369V1;5
RM369V2;5
RM369V3;5
RM470V1;5
RM470V2;5
RM470V3;5
RM471V1;5
RM471V2;5
RM471V3;5
RM064U1;4
RM064U2;4
RM064U3;4
RM065U1;4
RM065U2;4
RM065U3;4
RM174U1;5
RM174U2;5
RM174U3;5
RM196U1;5
RM196U2;5
RM196U3;5
RM212U1;5
RM212U2;5
RM212U3;5
RM326U1;4
RM326U2;4
RM326U3;4
RM369U1;5
RM369U2;5
RM369U3;5
RM470U1;5
RM470U2;5
RM470U3;5
RM471U1;5
RM471U2;5
RM471U3;5
RM482U1;5
RM482U2;5
RM482U3;5
RM546U1;5
RM546U2;5
RM546U3;5
RM665U1;5
RM665U2;5
RM665U3;5
RM745U1;5
RM745U2;5
RM745U3;5
RM665V1;5
RM665V2;5
RM665V3;5
RM745V1;5
RM745V2;5
RM745V3;5
RM935V1;5
RM935V2;5
RM935V3;5
RM796U1;5
RM796U2;5
RM796U3;5
RM808U1;4
RM808U2;4
RM808U3;4
RM796V1;5
RM796V2;5
RM796V3;5
RM808V1;4
RM808V2;4
RM808V3;4
RM546V1;5
RM546V2;5
RM546V3;5
RM935U1;5
RM935U2;5
RM935U3;5
RM990U1;5
RM990U2;5
RM990U3;5
RM482U4;5
RM482V4;5
RM470W1;5
RM470W2;5
RM470W3;5
RM212W1;5
RM212W2;5
RM212W3;5
RM745W1;5
RM745W2;5
RM745W3;5
RM196W1;5
RM196W2;5
RM196W3;5
RM935W1;5
RM935W2;5
RM935W3;5
RM174W1;5
RM174W2;5
RM174W3;5
RM796W1;5
RM796W2;5
RM796W3;5
RM471W1;5
RM471W2;5
RM471W3;5
RM665W1;5
RM665W2;5
RM665W3;5
RM546W1;5
RM546W2;5
RM546W3;5
RM482V1;5
RM482V2;5
RM482V3;5
RM032C1;1
RM080A1;4
RM080A2;4
RM080A3;4
RM127A1;2
RM127A2;2
RM127A3;2
RM334A1;5
RM334A2;5
RM334A3;5
RM649U1;4
RM649V1;4
RM649W1;4
RM649U2;4
RM649V2;4
RM649W2;4
RM649U3;4
RM649V3;4
RM649W3;4
RM698A1;6
RM698A2;6
RM698A3;6
RM704A1;6
RM704A2;6
RM704G1;6
RM704G2;6
RM704U1;6
RM704V1;6
RM704W1;6
RM704U2;6
RM704V2;6
RM704W2;6
RM705D1;4
RM705D2;4
RM705D3;4
RM705G1;4
RM705G2;4
RM705G3;4
RM705U1;4
RM705V1;4
RM705W1;4
RM705U2;4
RM705V2;4
RM705W2;4
RM705U3;4
RM705V3;4
RM705W3;4
RM706A1;2
RM706A2;2
RM706A3;2
RM706G1;2
RM706G2;2
RM706G3;2
RM706U1;2
RM706V1;2
RM706W1;2
RM706U2;2
RM706V2;2
RM706W2;2
RM706U3;2
RM706V3;2
RM706W3;2
RM707A1;4
RM707A2;4
RM707A3;4
RM707D1;4
RM707D2;4
RM707D3;4
RM707G1;4
RM707G2;4
RM707G3;4
RM707U1;4
RM707V1;4
RM707W1;4
RM707U2;4
RM707V2;4
RM707W2;4
RM707U3;4
RM707V3;4
RM707W3;4
RM708A1;5
RM708A2;5
RM708A3;5
RM708C1;5
RM708C2;5
RM708C3;5
RM708D1;5
RM708D2;5
RM708D3;5
RM708G1;5
RM708G2;5
RM708G3;5
RM708U1;5
RM708V1;5
RM708W1;5
RM708U2;5
RM708V2;5
RM708W2;5
RM708U3;5
RM708V3;5
RM708W3;5
RM709A1;4
RM709A2;4
RM709A3;4
RM709D1;4
RM709D2;4
RM709D3;4
RM709G1;4
RM709G2;4
RM709G3;4
RM709U1;4
RM709V1;4
RM709W1;4
RM709U2;4
RM709V2;4
RM709W2;4
RM709U3;4
RM709V3;4
RM709W3;4
RM710D1;3
RM710D2;3
RM710D3;3
RM710U1;3
RM710V1;3
RM710W1;3
RM710U2;3
RM710V2;3
RM710W2;3
RM710U3;3
RM710V3;3
RM710W3;3
RM711A1;4
RM711A2;4
RM711A3;4
RM711D1;4
RM711D2;4
RM711D3;4
RM711G1;4
RM711G2;4
RM711G3;4
RM711U1;4
RM711V1;4
RM711W1;4
RM711U2;4
RM711V2;4
RM711W2;4
RM711U3;4
RM711V3;4
RM711W3;4
RM712D1;4
RM712D2;4
RM712D3;4
RM712G1;4
RM712G2;4
RM712G3;4
RM712U1;4
RM712V1;4
RM712W1;4
RM712U2;4
RM712V2;4
RM712W2;4
RM712U3;4
RM712V3;4
RM712W3;4
RM808A1;4
RM808A2;4
RM808A3;4
RM842A1;4
RM842A2;4
RM842A3;4
RM864A1;1
RM864A2;1
RM864A3;1
RM897A1;5
RM897A2;5
RM897A3;5
