RM010D1;RM010
RM010D2;RM010
RM010D3;RM010
RM011D1;RM011
RM011D2;RM011
RM011D3;RM011
RM028D1;RM028
RM028D2;RM028
RM028D3;RM028
RM029D1;RM029
RM029D2;RM029
RM029D3;RM029
RM031D1;RM031
RM031D2;RM031
RM031D3;RM031
RM108D1;RM108
RM108D2;RM108
RM108D3;RM108
RM109D1;RM109
RM109D2;RM109
RM109D3;RM109
RM126D1;RM126
RM126D2;RM126
RM127D1;RM127
RM127D2;RM127
RM127D3;RM127
RM128D1;RM128
RM128D2;RM128
RM128D3;RM128
RM129D1;RM129
RM129D2;RM129
RM129D3;RM129
RM132D1;RM132
RM132D2;RM132
RM132D3;RM132
RM188D1;RM188
RM188D2;RM188
RM188D3;RM188
RM270D1;RM270
RM270D2;RM270
RM322D1;RM322
RM322D2;RM322
RM322D3;RM322
RM341D1;RM341
RM341D2;RM341
RM341D3;RM341
RM354D1;RM354
RM354D2;RM354
RM354D3;RM354
RM371D1;RM371
RM371D2;RM371
RM434D1;RM434
RM435D1;RM435
RM435D2;RM435
RM448D1;RM448
RM448D2;RM448
RM448D3;RM448
RM009G1;RM009
RM009G2;RM009
RM009G3;RM009
RM010G1;RM010
RM010G2;RM010
RM010G3;RM010
RM027G1;RM027
RM027G2;RM027
RM027G3;RM027
RM028G1;RM028
RM028G2;RM028
RM028G3;RM028
RM029G1;RM029
RM029G2;RM029
RM029G3;RM029
RM030G1;RM030
RM030G2;RM030
RM030G3;RM030
RM031G1;RM031
RM031G2;RM031
RM031G3;RM031
RM108G1;RM108
RM108G2;RM108
RM108G3;RM108
RM109G1;RM109
RM109G2;RM109
RM109G3;RM109
RM127G1;RM127
RM127G2;RM127
RM127G3;RM127
RM129G1;RM129
RM129G2;RM129
RM129G3;RM129
RM132G1;RM132
RM132G2;RM132
RM132G3;RM132
RM185G1;RM185
RM185G2;RM185
RM185G3;RM185
RM188G1;RM188
RM188G2;RM188
RM188G3;RM188
RM722D1;RM722
RM727D1;RM727
RM727D2;RM727
RM727D3;RM727
RM731D1;RM731
RM731D2;RM731
RM731D3;RM731
RM752D1;RM752
RM752D2;RM752
RM752D3;RM752
RM757D1;RM757
RM757D2;RM757
RM757D3;RM757
RM727G1;RM727
RM727G2;RM727
RM727G3;RM727
RM752G1;RM752
RM752G2;RM752
RM752G3;RM752
RM757G1;RM757
RM757G2;RM757
RM757G3;RM757
RM882D1;RM882
RM882D2;RM882
RM882D3;RM882
RM910G1;RM910
RM910G2;RM910
RM910G3;RM910
RM585D1;RM585
RM585D2;RM585
RM585D3;RM585
RM984D1;RM984
RM585G1;RM585
RM585G2;RM585
RM585G3;RM585
RM322G1;RM322
RM322G2;RM322
RM322G3;RM322
RM341G1;RM341
RM341G2;RM341
RM341G3;RM341
RM354G1;RM354
RM354G2;RM354
RM354G3;RM354
RM032D1;RM032
RM032D2;RM032
RM032D3;RM032
RM033D1;RM033
RM033D2;RM033
RM033D3;RM033
RM034D1;RM034
RM034D2;RM034
RM140D1;RM140
RM140D2;RM140
RM140D3;RM140
RM141D1;RM141
RM141D2;RM141
RM141D3;RM141
RM142D1;RM142
RM142D2;RM142
RM142D3;RM142
RM143D1;RM143
RM143D2;RM143
RM143D3;RM143
RM144D1;RM144
RM144D2;RM144
RM144D3;RM144
RM145D1;RM145
RM145D2;RM145
RM145D3;RM145
RM146D1;RM146
RM146D2;RM146
RM146D3;RM146
RM150D1;RM150
RM150D2;RM150
RM150D3;RM150
RM175D1;RM175
RM175D2;RM175
RM175D3;RM175
RM187D1;RM187
RM187D2;RM187
RM187D3;RM187
RM192D1;RM192
RM192D2;RM192
RM192D3;RM192
RM214D1;RM214
RM214D2;RM214
RM214D3;RM214
RM611D1;RM611
RM611D2;RM611
RM611D3;RM611
RM032G1;RM032
RM032G2;RM032
RM032G3;RM032
RM034G1;RM034
RM034G2;RM034
RM140G1;RM140
RM140G2;RM140
RM141G1;RM141
RM141G2;RM141
RM141G3;RM141
RM142G1;RM142
RM142G2;RM142
RM142G3;RM142
RM143G1;RM143
RM143G2;RM143
RM143G3;RM143
RM144G1;RM144
RM144G2;RM144
RM144G3;RM144
RM145G1;RM145
RM145G2;RM145
RM145G3;RM145
RM146G1;RM146
RM146G2;RM146
RM146G3;RM146
RM187G1;RM187
RM187G2;RM187
RM187G3;RM187
RM192G1;RM192
RM192G2;RM192
RM192G3;RM192
RM214G1;RM214
RM214G2;RM214
RM214G3;RM214
RM932G1;RM932
RM932G2;RM932
RM932G3;RM932
RM561G1;RM561
RM561G2;RM561
RM584G1;RM584
RM584G2;RM584
RM584G3;RM584
RM173D1;RM173
RM173D2;RM173
RM173D3;RM173
RM216D1;RM216
RM216D2;RM216
RM216D3;RM216
RM217D1;RM217
RM217D2;RM217
RM217D3;RM217
RM218D1;RM218
RM218D2;RM218
RM218D3;RM218
RM219D1;RM219
RM219D2;RM219
RM219D3;RM219
RM223D1;RM223
RM223D2;RM223
RM223D3;RM223
RM281D1;RM281
RM281D2;RM281
RM281D3;RM281
RM317D1;RM317
RM317D2;RM317
RM317D3;RM317
RM334D1;RM334
RM334D2;RM334
RM334D3;RM334
RM347D1;RM347
RM347D2;RM347
RM347D3;RM347
RM431D1;RM431
RM431D2;RM431
RM431D3;RM431
RM432D1;RM432
RM432D2;RM432
RM432D3;RM432
RM635D1;RM635
RM635D2;RM635
RM635D3;RM635
RM692D1;RM692
RM700D1;RM700
RM700D2;RM700
RM700D3;RM700
RM173G1;RM173
RM173G2;RM173
RM173G3;RM173
RM216G1;RM216
RM216G2;RM216
RM216G3;RM216
RM217G1;RM217
RM217G2;RM217
RM217G3;RM217
RM219G1;RM219
RM219G2;RM219
RM219G3;RM219
RM281G1;RM281
RM281G2;RM281
RM281G3;RM281
RM748D2;RM748
RM748D3;RM748
RM763D1;RM763
RM763D2;RM763
RM748G1;RM748
RM748G2;RM748
RM748G3;RM748
RM749G1;RM749
RM749G2;RM749
RM749G3;RM749
RM761G1;RM761
RM761G2;RM761
RM761G3;RM761
RM762G1;RM762
RM762G2;RM762
RM762G3;RM762
RM763G1;RM763
RM763G2;RM763
RM763G3;RM763
RM768G1;RM768
RM768G2;RM768
RM768G3;RM768
RM769G1;RM769
RM769G2;RM769
RM769G3;RM769
RM840D1;RM840
RM877D1;RM877
RM780G1;RM780
RM780G2;RM780
RM780G3;RM780
RM784G1;RM784
RM784G2;RM784
RM784G3;RM784
RM799G1;RM799
RM799G2;RM799
RM799G3;RM799
RM800G1;RM800
RM800G2;RM800
RM800G3;RM800
RM936G1;RM936
RM936G2;RM936
RM936G3;RM936
RM780D1;RM780
RM780D2;RM780
RM780D3;RM780
RM784D1;RM784
RM784D2;RM784
RM784D3;RM784
RM799D1;RM799
RM799D2;RM799
RM635G1;RM635
RM635G2;RM635
RM635G3;RM635
RM700G1;RM700
RM700G2;RM700
RM700G3;RM700
RM990G1;RM990
RM990G2;RM990
RM990G3;RM990
RM994G1;RM994
RM994G2;RM994
RM994G3;RM994
RM431G1;RM431
RM431G2;RM431
RM431G3;RM431
RM432G1;RM432
RM432G2;RM432
RM432G3;RM432
RM504D4;RM504
RM504G4;RM504
RM281D4;RM281
RM281G4;RM281
RM317G1;RM317
RM317G2;RM317
RM317G3;RM317
RM334G1;RM334
RM334G2;RM334
RM334G3;RM334
RM347G1;RM347
RM347G2;RM347
RM347G3;RM347
RM866G1;RM866
RM866G2;RM866
RM866G3;RM866
RM898G1;RM898
RM898G2;RM898
RM898G3;RM898
RM504D1;RM504
RM504D2;RM504
RM509D1;RM509
RM509D2;RM509
RM509D3;RM509
RM504G1;RM504
RM504G2;RM504
RM504G3;RM504
RM509G1;RM509
RM509G2;RM509
RM509G3;RM509
RM294D1;RM294
RM294D2;RM294
RM294D3;RM294
RM319D2;RM319
RM714D1;RM714
RM714D2;RM714
RM714D3;RM714
RM296G1;RM296
RM296G2;RM296
RM714G1;RM714
RM714G2;RM714
RM714G3;RM714
RM319G1;RM319
RM319G3;RM319
RM294V1;RM294
RM294V2;RM294
RM294V3;RM294
RM296V1;RM296
RM296V2;RM296
RM319V1;RM319
RM319V2;RM319
RM319V3;RM319
RM294U1;RM294
RM294U2;RM294
RM294U3;RM294
RM296U1;RM296
RM296U2;RM296
RM319U1;RM319
RM319U2;RM319
RM319U3;RM319
RM714U1;RM714
RM714U2;RM714
RM714U3;RM714
RM714V1;RM714
RM714V2;RM714
RM714V3;RM714
RM035U1;RM035
RM035U2;RM035
RM035U3;RM035
RM036U1;RM036
RM036U2;RM036
RM037U1;RM037
RM037U2;RM037
RM037U3;RM037
RM038U1;RM038
RM038U2;RM038
RM038U3;RM038
RM039U1;RM039
RM039U2;RM039
RM039U3;RM039
RM040U1;RM040
RM040U2;RM040
RM040U3;RM040
RM041U1;RM041
RM041U2;RM041
RM042U1;RM042
RM042U2;RM042
RM042U3;RM042
RM043U1;RM043
RM043U2;RM043
RM043U3;RM043
RM044U1;RM044
RM044U2;RM044
RM044U3;RM044
RM047U1;RM047
RM047U2;RM047
RM047U3;RM047
RM049U1;RM049
RM049U2;RM049
RM049U3;RM049
RM052U1;RM052
RM052U2;RM052
RM052U3;RM052
RM053U1;RM053
RM053U2;RM053
RM053U3;RM053
RM054U1;RM054
RM054U2;RM054
RM054U3;RM054
RM055U1;RM055
RM055U2;RM055
RM055U3;RM055
RM056U1;RM056
RM056U2;RM056
RM056U3;RM056
RM057U1;RM057
RM057U2;RM057
RM057U3;RM057
RM058U1;RM058
RM058U2;RM058
RM058U3;RM058
RM035V1;RM035
RM035V2;RM035
RM035V3;RM035
RM036V1;RM036
RM036V2;RM036
RM037V1;RM037
RM037V2;RM037
RM037V3;RM037
RM038V1;RM038
RM038V2;RM038
RM038V3;RM038
RM039V1;RM039
RM039V2;RM039
RM039V3;RM039
RM040V1;RM040
RM040V2;RM040
RM040V3;RM040
RM041V1;RM041
RM041V2;RM041
RM042V1;RM042
RM042V2;RM042
RM042V3;RM042
RM043V1;RM043
RM043V2;RM043
RM043V3;RM043
RM044V1;RM044
RM044V2;RM044
RM044V3;RM044
RM047V1;RM047
RM047V2;RM047
RM047V3;RM047
RM049V1;RM049
RM049V2;RM049
RM049V3;RM049
RM052V1;RM052
RM052V2;RM052
RM052V3;RM052
RM053V1;RM053
RM053V2;RM053
RM053V3;RM053
RM054V1;RM054
RM054V2;RM054
RM054V3;RM054
RM055V1;RM055
RM055V2;RM055
RM055V3;RM055
RM056V1;RM056
RM056V2;RM056
RM056V3;RM056
RM057V1;RM057
RM057V2;RM057
RM057V3;RM057
RM058V1;RM058
RM058V2;RM058
RM058V3;RM058
RM060V1;RM060
RM060V2;RM060
RM060V3;RM060
RM061V1;RM061
RM061V2;RM061
RM061V3;RM061
RM062V1;RM062
RM062V2;RM062
RM062V3;RM062
RM073V1;RM073
RM073V2;RM073
RM073V3;RM073
RM150V1;RM150
RM150V2;RM150
RM150V3;RM150
RM156V1;RM156
RM156V2;RM156
RM156V3;RM156
RM175V1;RM175
RM175V2;RM175
RM175V3;RM175
RM176V1;RM176
RM176V2;RM176
RM176V3;RM176
RM177V1;RM177
RM177V2;RM177
RM177V3;RM177
RM178V1;RM178
RM178V2;RM178
RM178V3;RM178
RM179V1;RM179
RM179V2;RM179
RM179V3;RM179
RM318V1;RM318
RM318V2;RM318
RM318V3;RM318
RM321V1;RM321
RM321V2;RM321
RM321V3;RM321
RM328V1;RM328
RM328V2;RM328
RM328V3;RM328
RM358V1;RM358
RM358V2;RM358
RM358V3;RM358
RM366V1;RM366
RM366V2;RM366
RM060U1;RM060
RM060U2;RM060
RM060U3;RM060
RM061U1;RM061
RM061U2;RM061
RM061U3;RM061
RM062U1;RM062
RM062U2;RM062
RM062U3;RM062
RM073U1;RM073
RM073U2;RM073
RM073U3;RM073
RM150U1;RM150
RM150U2;RM150
RM150U3;RM150
RM156U1;RM156
RM156U2;RM156
RM156U3;RM156
RM175U1;RM175
RM175U2;RM175
RM175U3;RM175
RM176U1;RM176
RM176U2;RM176
RM176U3;RM176
RM177U1;RM177
RM177U2;RM177
RM177U3;RM177
RM178U1;RM178
RM178U2;RM178
RM178U3;RM178
RM179U1;RM179
RM179U2;RM179
RM179U3;RM179
RM192U1;RM192
RM192U2;RM192
RM192U3;RM192
RM318U1;RM318
RM318U2;RM318
RM318U3;RM318
RM321U1;RM321
RM321U2;RM321
RM321U3;RM321
RM328U1;RM328
RM328U2;RM328
RM328U3;RM328
RM358U1;RM358
RM358U2;RM358
RM358U3;RM358
RM366U1;RM366
RM366U2;RM366
RM562U1;RM562
RM577U1;RM577
RM590U1;RM590
RM590U2;RM590
RM590U3;RM590
RM192V1;RM192
RM192V2;RM192
RM192V3;RM192
RM600U1;RM600
RM601U1;RM601
RM601U2;RM601
RM601U3;RM601
RM611U1;RM611
RM611U2;RM611
RM611U3;RM611
RM643U1;RM643
RM643U2;RM643
RM643U3;RM643
RM644U1;RM644
RM644U2;RM644
RM644U3;RM644
RM645U1;RM645
RM645U2;RM645
RM645U3;RM645
RM646U1;RM646
RM646U2;RM646
RM646U3;RM646
RM647U1;RM647
RM647U2;RM647
RM647U3;RM647
RM648U1;RM648
RM648U2;RM648
RM648U3;RM648
RM716U1;RM716
RM716U2;RM716
RM716U3;RM716
RM720U1;RM720
RM720U2;RM720
RM720U3;RM720
RM724U1;RM724
RM600V1;RM600
RM601V1;RM601
RM601V2;RM601
RM601V3;RM601
RM611V1;RM611
RM611V2;RM611
RM611V3;RM611
RM643V1;RM643
RM643V2;RM643
RM643V3;RM643
RM644V1;RM644
RM644V2;RM644
RM644V3;RM644
RM645V1;RM645
RM645V2;RM645
RM645V3;RM645
RM646V1;RM646
RM646V2;RM646
RM646V3;RM646
RM647V1;RM647
RM647V2;RM647
RM647V3;RM647
RM648V1;RM648
RM648V2;RM648
RM648V3;RM648
RM716V1;RM716
RM716V2;RM716
RM716V3;RM716
RM720V1;RM720
RM720V2;RM720
RM720V3;RM720
RM724V1;RM724
RM887V1;RM887
RM887V2;RM887
RM887V3;RM887
RM894V1;RM894
RM894V2;RM894
RM894V3;RM894
RM887U1;RM887
RM887U2;RM887
RM887U3;RM887
RM894U1;RM894
RM894U2;RM894
RM894U3;RM894
RM562V1;RM562
RM577V1;RM577
RM590V1;RM590
RM590V2;RM590
RM590V3;RM590
RM156U4;RM156
RM156V4;RM156
RM644U4;RM644
RM644V4;RM644
RM061W1;RM061
RM061W2;RM061
RM061W3;RM061
RM611W1;RM611
RM611W2;RM611
RM611W3;RM611
RM192W1;RM192
RM192W2;RM192
RM192W3;RM192
RM601W1;RM601
RM601W2;RM601
RM601W3;RM601
RM720W1;RM720
RM720W2;RM720
RM720W3;RM720
RM043W1;RM043
RM043W2;RM043
RM043W3;RM043
RM073W1;RM073
RM073W2;RM073
RM073W3;RM073
RM042W1;RM042
RM042W2;RM042
RM042W3;RM042
RM047W1;RM047
RM047W2;RM047
RM047W3;RM047
RM058W1;RM058
RM058W2;RM058
RM058W3;RM058
RM648W1;RM648
RM648W2;RM648
RM648W3;RM648
RM318W1;RM318
RM318W2;RM318
RM318W3;RM318
RM321W1;RM321
RM321W2;RM321
RM321W3;RM321
RM887W1;RM887
RM887W2;RM887
RM887W3;RM887
RM645W1;RM645
RM645W2;RM645
RM645W3;RM645
RM647W1;RM647
RM647W2;RM647
RM647W3;RM647
RM646W1;RM646
RM646W2;RM646
RM646W3;RM646
RM056W1;RM056
RM056W2;RM056
RM056W3;RM056
RM060W1;RM060
RM060W2;RM060
RM060W3;RM060
RM040W1;RM040
RM040W2;RM040
RM040W3;RM040
RM049W1;RM049
RM049W2;RM049
RM049W3;RM049
RM052W1;RM052
RM052W2;RM052
RM052W3;RM052
RM053W1;RM053
RM053W2;RM053
RM053W3;RM053
RM055W1;RM055
RM055W2;RM055
RM055W3;RM055
RM175W1;RM175
RM175W2;RM175
RM175W3;RM175
RM041W1;RM041
RM041W2;RM041
RM328W1;RM328
RM328W2;RM328
RM328W3;RM328
RM366W1;RM366
RM366W2;RM366
RM724W1;RM724
RM039W1;RM039
RM039W2;RM039
RM039W3;RM039
RM358W1;RM358
RM358W2;RM358
RM358W3;RM358
RM062W1;RM062
RM062W2;RM062
RM062W3;RM062
RM178W1;RM178
RM178W2;RM178
RM178W3;RM178
RM037W1;RM037
RM037W2;RM037
RM037W3;RM037
RM176W1;RM176
RM176W2;RM176
RM176W3;RM176
RM044W1;RM044
RM044W2;RM044
RM044W3;RM044
RM057W1;RM057
RM057W2;RM057
RM057W3;RM057
RM716W1;RM716
RM716W2;RM716
RM716W3;RM716
RM177W1;RM177
RM177W2;RM177
RM177W3;RM177
RM509U1;RM509
RM509U2;RM509
RM509U3;RM509
RM509W1;RM509
RM509W2;RM509
RM509W3;RM509
RM509V1;RM509
RM509V2;RM509
RM509V3;RM509
RM045U1;RM045
RM045U2;RM045
RM045U3;RM045
RM048U1;RM048
RM048U2;RM048
RM048U3;RM048
RM050U1;RM050
RM050U2;RM050
RM051U1;RM051
RM051U2;RM051
RM045V1;RM045
RM045V2;RM045
RM045V3;RM045
RM048V1;RM048
RM048V2;RM048
RM048V3;RM048
RM050V1;RM050
RM050V2;RM050
RM051V1;RM051
RM051V2;RM051
RM067V1;RM067
RM067V2;RM067
RM068V1;RM068
RM068V2;RM068
RM068V3;RM068
RM069V1;RM069
RM069V2;RM069
RM074V1;RM074
RM074V2;RM074
RM074V3;RM074
RM076V1;RM076
RM076V2;RM076
RM076V3;RM076
RM077V1;RM077
RM077V2;RM077
RM077V3;RM077
RM078V1;RM078
RM078V2;RM078
RM078V3;RM078
RM079V1;RM079
RM079V2;RM079
RM079V3;RM079
RM080V1;RM080
RM080V2;RM080
RM080V3;RM080
RM081V1;RM081
RM081V2;RM081
RM081V3;RM081
RM082V1;RM082
RM082V2;RM082
RM082V3;RM082
RM085V1;RM085
RM085V2;RM085
RM092V1;RM092
RM092V2;RM092
RM092V3;RM092
RM093V1;RM093
RM093V2;RM093
RM093V3;RM093
RM094V1;RM094
RM094V2;RM094
RM094V3;RM094
RM148V1;RM148
RM148V2;RM148
RM148V3;RM148
RM215V1;RM215
RM215V2;RM215
RM215V3;RM215
RM348V1;RM348
RM348V2;RM348
RM348V3;RM348
RM361V1;RM361
RM361V2;RM361
RM361V3;RM361
RM364V1;RM364
RM364V2;RM364
RM364V3;RM364
RM463V1;RM463
RM463V2;RM463
RM463V3;RM463
RM067U1;RM067
RM067U2;RM067
RM068U1;RM068
RM068U2;RM068
RM068U3;RM068
RM069U1;RM069
RM069U2;RM069
RM074U1;RM074
RM074U2;RM074
RM074U3;RM074
RM076U1;RM076
RM076U2;RM076
RM076U3;RM076
RM077U1;RM077
RM077U2;RM077
RM077U3;RM077
RM078U1;RM078
RM078U2;RM078
RM078U3;RM078
RM079U1;RM079
RM079U2;RM079
RM079U3;RM079
RM080U1;RM080
RM080U2;RM080
RM080U3;RM080
RM081U1;RM081
RM081U2;RM081
RM081U3;RM081
RM082U1;RM082
RM082U2;RM082
RM082U3;RM082
RM085U1;RM085
RM085U2;RM085
RM092U1;RM092
RM092U2;RM092
RM092U3;RM092
RM093U1;RM093
RM093U2;RM093
RM093U3;RM093
RM094U1;RM094
RM094U2;RM094
RM094U3;RM094
RM148U1;RM148
RM148U2;RM148
RM148U3;RM148
RM215U1;RM215
RM215U2;RM215
RM215U3;RM215
RM348U1;RM348
RM348U2;RM348
RM348U3;RM348
RM361U1;RM361
RM361U2;RM361
RM361U3;RM361
RM364U1;RM364
RM364U2;RM364
RM364U3;RM364
RM463U1;RM463
RM463U2;RM463
RM463U3;RM463
RM580U1;RM580
RM580U2;RM580
RM580U3;RM580
RM605U1;RM605
RM605U2;RM605
RM605U3;RM605
RM612U1;RM612
RM612U2;RM612
RM612U3;RM612
RM650U1;RM650
RM650U2;RM650
RM650U3;RM650
RM766U1;RM766
RM766U2;RM766
RM766U3;RM766
RM605V1;RM605
RM605V2;RM605
RM605V3;RM605
RM612V1;RM612
RM612V2;RM612
RM612V3;RM612
RM650V1;RM650
RM650V2;RM650
RM650V3;RM650
RM766V1;RM766
RM766V2;RM766
RM766V3;RM766
RM842V1;RM842
RM842V2;RM842
RM842V3;RM842
RM920V1;RM920
RM920V2;RM920
RM920V3;RM920
RM921V1;RM921
RM921V2;RM921
RM921V3;RM921
RM802U1;RM802
RM802U2;RM802
RM802U3;RM802
RM809U1;RM809
RM809U2;RM809
RM809U3;RM809
RM842U1;RM842
RM842U2;RM842
RM842U3;RM842
RM802V1;RM802
RM802V2;RM802
RM802V3;RM802
RM809V1;RM809
RM809V2;RM809
RM809V3;RM809
RM580V1;RM580
RM580V2;RM580
RM580V3;RM580
RM920U1;RM920
RM920U2;RM920
RM920U3;RM920
RM921U1;RM921
RM921U2;RM921
RM921U3;RM921
RM080W1;RM080
RM080W2;RM080
RM080W3;RM080
RM094W1;RM094
RM094W2;RM094
RM094W3;RM094
RM605W1;RM605
RM605W2;RM605
RM605W3;RM605
RM612W1;RM612
RM612W2;RM612
RM612W3;RM612
RM077W1;RM077
RM077W2;RM077
RM077W3;RM077
RM361W1;RM361
RM361W2;RM361
RM361W3;RM361
RM048W1;RM048
RM048W2;RM048
RM048W3;RM048
RM079W1;RM079
RM079W2;RM079
RM079W3;RM079
RM081W1;RM081
RM081W2;RM081
RM081W3;RM081
RM082W1;RM082
RM082W2;RM082
RM082W3;RM082
RM050W1;RM050
RM050W2;RM050
RM348W1;RM348
RM348W2;RM348
RM348W3;RM348
RM067W1;RM067
RM067W2;RM067
RM364W1;RM364
RM364W2;RM364
RM364W3;RM364
RM580W1;RM580
RM580W2;RM580
RM580W3;RM580
RM650W1;RM650
RM650W2;RM650
RM650W3;RM650
RM809W1;RM809
RM809W2;RM809
RM809W3;RM809
RM921W1;RM921
RM921W2;RM921
RM921W3;RM921
RM766W1;RM766
RM766W2;RM766
RM766W3;RM766
RM842W1;RM842
RM842W2;RM842
RM842W3;RM842
RM093W1;RM093
RM093W2;RM093
RM093W3;RM093
RM068W1;RM068
RM068W2;RM068
RM068W3;RM068
RM069W1;RM069
RM069W2;RM069
RM802W1;RM802
RM802W2;RM802
RM802W3;RM802
RM085W1;RM085
RM085W2;RM085
RM215W1;RM215
RM215W2;RM215
RM215W3;RM215
RM074W1;RM074
RM074W2;RM074
RM074W3;RM074
RM076W1;RM076
RM076W2;RM076
RM076W3;RM076
RM078W1;RM078
RM078W2;RM078
RM078W3;RM078
RM092W1;RM092
RM092W2;RM092
RM092W3;RM092
RM148W1;RM148
RM148W2;RM148
RM148W3;RM148
RM463W1;RM463
RM463W2;RM463
RM463W3;RM463
RM045W1;RM045
RM045W2;RM045
RM045W3;RM045
RM193V1;RM193
RM193V2;RM193
RM193V3;RM193
RM216V1;RM216
RM216V2;RM216
RM216V3;RM216
RM217V1;RM217
RM217V2;RM217
RM217V3;RM217
RM219V1;RM219
RM219V2;RM219
RM219V3;RM219
RM280V1;RM280
RM280V2;RM280
RM280V3;RM280
RM281V1;RM281
RM281V2;RM281
RM281V3;RM281
RM317V1;RM317
RM317V2;RM317
RM317V3;RM317
RM431V1;RM431
RM431V2;RM431
RM431V3;RM431
RM432V1;RM432
RM432V2;RM432
RM432V3;RM432
RM193U1;RM193
RM193U2;RM193
RM193U3;RM193
RM216U1;RM216
RM216U2;RM216
RM216U3;RM216
RM217U1;RM217
RM217U2;RM217
RM217U3;RM217
RM219U1;RM219
RM219U2;RM219
RM219U3;RM219
RM280U1;RM280
RM280U2;RM280
RM280U3;RM280
RM281U1;RM281
RM281U2;RM281
RM281U3;RM281
RM317U1;RM317
RM317U2;RM317
RM317U3;RM317
RM431U1;RM431
RM431U2;RM431
RM431U3;RM431
RM432U1;RM432
RM432U2;RM432
RM432U3;RM432
RM635U1;RM635
RM635U2;RM635
RM635U3;RM635
RM748U1;RM748
RM748U2;RM748
RM748U3;RM748
RM761U1;RM761
RM761U2;RM761
RM761U3;RM761
RM762U1;RM762
RM762U2;RM762
RM762U3;RM762
RM763U1;RM763
RM763U2;RM763
RM763U3;RM763
RM635V1;RM635
RM635V2;RM635
RM635V3;RM635
RM748V1;RM748
RM748V2;RM748
RM748V3;RM748
RM761V1;RM761
RM761V2;RM761
RM761V3;RM761
RM762V1;RM762
RM762V2;RM762
RM762V3;RM762
RM763V1;RM763
RM763V2;RM763
RM763V3;RM763
RM866V1;RM866
RM866V2;RM866
RM866V3;RM866
RM872V1;RM872
RM872V2;RM872
RM872V3;RM872
RM877V1;RM877
RM898V1;RM898
RM898V2;RM898
RM898V3;RM898
RM936V1;RM936
RM936V2;RM936
RM936V3;RM936
RM780U1;RM780
RM780U2;RM780
RM780U3;RM780
RM784U1;RM784
RM784U2;RM784
RM784U3;RM784
RM799U1;RM799
RM799U2;RM799
RM799U3;RM799
RM800U1;RM800
RM800U2;RM800
RM800U3;RM800
RM866U1;RM866
RM866U2;RM866
RM866U3;RM866
RM872U1;RM872
RM872U2;RM872
RM872U3;RM872
RM877U1;RM877
RM898U1;RM898
RM898U2;RM898
RM898U3;RM898
RM780V1;RM780
RM780V2;RM780
RM780V3;RM780
RM784V1;RM784
RM784V2;RM784
RM784V3;RM784
RM799V1;RM799
RM799V2;RM799
RM799V3;RM799
RM800V1;RM800
RM800V2;RM800
RM800V3;RM800
RM936U1;RM936
RM936U2;RM936
RM936U3;RM936
RM219W1;RM219
RM219W2;RM219
RM219W3;RM219
RM635W1;RM635
RM635W2;RM635
RM635W3;RM635
RM762W1;RM762
RM762W2;RM762
RM762W3;RM762
RM799W1;RM799
RM799W2;RM799
RM799W3;RM799
RM898W1;RM898
RM898W2;RM898
RM898W3;RM898
RM217W1;RM217
RM217W2;RM217
RM217W3;RM217
RM281W1;RM281
RM281W2;RM281
RM281W3;RM281
RM866W1;RM866
RM866W2;RM866
RM866W3;RM866
RM780W1;RM780
RM780W2;RM780
RM780W3;RM780
RM216W1;RM216
RM216W2;RM216
RM216W3;RM216
RM432W1;RM432
RM432W2;RM432
RM432W3;RM432
RM872W1;RM872
RM872W2;RM872
RM872W3;RM872
RM761W1;RM761
RM761W2;RM761
RM761W3;RM761
RM763W1;RM763
RM763W2;RM763
RM763W3;RM763
RM936W1;RM936
RM936W2;RM936
RM936W3;RM936
RM748W1;RM748
RM748W2;RM748
RM748W3;RM748
RM280W1;RM280
RM280W2;RM280
RM280W3;RM280
RM431W1;RM431
RM431W2;RM431
RM431W3;RM431
RM784W1;RM784
RM784W2;RM784
RM784W3;RM784
RM193W1;RM193
RM193W2;RM193
RM193W3;RM193
RM001D1;RM001
RM001D2;RM001
RM001D3;RM001
RM002D1;RM002
RM002D2;RM002
RM003D1;RM003
RM003D2;RM003
RM003D3;RM003
RM004D1;RM004
RM004D2;RM004
RM004D3;RM004
RM005D1;RM005
RM005D2;RM005
RM006D1;RM006
RM006D2;RM006
RM006D3;RM006
RM007D2;RM007
RM012D1;RM012
RM012D2;RM012
RM012D3;RM012
RM013D1;RM013
RM013D2;RM013
RM013D3;RM013
RM014D1;RM014
RM014D2;RM014
RM014D3;RM014
RM015D1;RM015
RM015D2;RM015
RM015D3;RM015
RM016D1;RM016
RM016D2;RM016
RM017D1;RM017
RM017D2;RM017
RM017D3;RM017
RM018D1;RM018
RM018D2;RM018
RM018D3;RM018
RM019D1;RM019
RM019D2;RM019
RM019D3;RM019
RM020D1;RM020
RM020D2;RM020
RM020D3;RM020
RM021D1;RM021
RM021D2;RM021
RM021D3;RM021
RM023D1;RM023
RM023D2;RM023
RM023D3;RM023
RM024D1;RM024
RM024D2;RM024
RM024D3;RM024
RM025D1;RM025
RM025D2;RM025
RM025D3;RM025
RM026D1;RM026
RM026D2;RM026
RM026D3;RM026
RM035D1;RM035
RM035D2;RM035
RM035D3;RM035
RM036D1;RM036
RM036D2;RM036
RM037D1;RM037
RM037D2;RM037
RM037D3;RM037
RM038D1;RM038
RM038D2;RM038
RM038D3;RM038
RM039D1;RM039
RM039D2;RM039
RM039D3;RM039
RM040D1;RM040
RM040D2;RM040
RM040D3;RM040
RM041D1;RM041
RM041D2;RM041
RM042D1;RM042
RM042D2;RM042
RM042D3;RM042
RM059D1;RM059
RM073D1;RM073
RM073D2;RM073
RM073D3;RM073
RM079D1;RM079
RM079D2;RM079
RM079D3;RM079
RM081D1;RM081
RM081D2;RM081
RM081D3;RM081
RM082D1;RM082
RM082D2;RM082
RM082D3;RM082
RM083D1;RM083
RM083D2;RM083
RM083D3;RM083
RM084D1;RM084
RM084D2;RM084
RM084D3;RM084
RM085D1;RM085
RM085D2;RM085
RM087D1;RM087
RM087D2;RM087
RM088D1;RM088
RM088D2;RM088
RM088D3;RM088
RM105D1;RM105
RM105D3;RM105
RM106D1;RM106
RM106D2;RM106
RM106D3;RM106
RM186D1;RM186
RM186D2;RM186
RM186D3;RM186
RM225D1;RM225
RM226D1;RM226
RM227D1;RM227
RM229D1;RM229
RM230D1;RM230
RM235D1;RM235
RM241D1;RM241
RM242D1;RM242
RM248D1;RM248
RM257D1;RM257
RM262D1;RM262
RM262D2;RM262
RM262D3;RM262
RM265D1;RM265
RM328D1;RM328
RM328D2;RM328
RM328D3;RM328
RM329D1;RM329
RM336D1;RM336
RM337D1;RM337
RM337D2;RM337
RM337D3;RM337
RM343D1;RM343
RM344D1;RM344
RM358D1;RM358
RM358D2;RM358
RM358D3;RM358
RM360D1;RM360
RM360D2;RM360
RM360D3;RM360
RM364D1;RM364
RM364D2;RM364
RM364D3;RM364
RM366D1;RM366
RM366D2;RM366
RM373D1;RM373
RM374D1;RM374
RM400D1;RM400
RM400D2;RM400
RM400D3;RM400
RM401D1;RM401
RM401D2;RM401
RM401D3;RM401
RM402D1;RM402
RM403D1;RM403
RM406D1;RM406
RM440D1;RM440
RM444D1;RM444
RM466D1;RM466
RM467D1;RM467
RM468D1;RM468
RM605D1;RM605
RM605D2;RM605
RM605D3;RM605
RM614D1;RM614
RM614D2;RM614
RM614D3;RM614
RM618D1;RM618
RM618D2;RM618
RM679D1;RM679
RM679D2;RM679
RM007G1;RM007
RM007G3;RM007
RM008G1;RM008
RM008G2;RM008
RM008G3;RM008
RM012G1;RM012
RM012G2;RM012
RM012G3;RM012
RM014G1;RM014
RM014G2;RM014
RM014G3;RM014
RM015G1;RM015
RM015G2;RM015
RM015G3;RM015
RM017G1;RM017
RM017G2;RM017
RM017G3;RM017
RM020G1;RM020
RM020G2;RM020
RM020G3;RM020
RM021G1;RM021
RM021G2;RM021
RM021G3;RM021
RM023G1;RM023
RM023G2;RM023
RM023G3;RM023
RM024G1;RM024
RM024G2;RM024
RM024G3;RM024
RM025G1;RM025
RM025G2;RM025
RM025G3;RM025
RM026G1;RM026
RM026G2;RM026
RM026G3;RM026
RM036G1;RM036
RM036G2;RM036
RM037G1;RM037
RM037G2;RM037
RM037G3;RM037
RM039G2;RM039
RM039G3;RM039
RM040G1;RM040
RM040G2;RM040
RM040G3;RM040
RM042G1;RM042
RM042G2;RM042
RM042G3;RM042
RM043G1;RM043
RM043G2;RM043
RM043G3;RM043
RM073G1;RM073
RM073G2;RM073
RM073G3;RM073
RM079G1;RM079
RM079G2;RM079
RM079G3;RM079
RM081G1;RM081
RM081G2;RM081
RM081G3;RM081
RM082G1;RM082
RM082G2;RM082
RM082G3;RM082
RM087G1;RM087
RM087G2;RM087
RM088G1;RM088
RM088G3;RM088
RM089G1;RM089
RM089G2;RM089
RM089G3;RM089
RM105G1;RM105
RM105G2;RM105
RM105G3;RM105
RM106G1;RM106
RM106G2;RM106
RM106G3;RM106
RM720D1;RM720
RM720D2;RM720
RM720D3;RM720
RM721D1;RM721
RM721D2;RM721
RM721D3;RM721
RM734D1;RM734
RM778D1;RM778
RM720G1;RM720
RM720G2;RM720
RM720G3;RM720
RM721G1;RM721
RM721G2;RM721
RM721G3;RM721
RM737G1;RM737
RM737G2;RM737
RM737G3;RM737
RM856D1;RM856
RM793G1;RM793
RM793G2;RM793
RM793G3;RM793
RM920D3;RM920
RM927D1;RM927
RM927D2;RM927
RM927D3;RM927
RM920G1;RM920
RM920G2;RM920
RM920G3;RM920
RM921G1;RM921
RM921G2;RM921
RM921G3;RM921
RM927G1;RM927
RM927G2;RM927
RM927G3;RM927
RM548D1;RM548
RM548D2;RM548
RM548D3;RM548
RM550D1;RM550
RM550D2;RM550
RM550D3;RM550
RM579D1;RM579
RM580D1;RM580
RM580D2;RM580
RM580D3;RM580
RM586D1;RM586
RM586D2;RM586
RM586D3;RM586
RM601G1;RM601
RM601G2;RM601
RM601G3;RM601
RM605G1;RM605
RM605G2;RM605
RM605G3;RM605
RM614G1;RM614
RM614G2;RM614
RM614G3;RM614
RM360G1;RM360
RM360G2;RM360
RM360G3;RM360
RM366G1;RM366
RM366G2;RM366
RM370G1;RM370
RM370G2;RM370
RM548G1;RM548
RM548G2;RM548
RM548G3;RM548
RM590G1;RM590
RM590G2;RM590
RM590G3;RM590
RM328G2;RM328
RM328G3;RM328
RM337G1;RM337
RM337G2;RM337
RM337G3;RM337
RM358G1;RM358
RM358G2;RM358
RM358G3;RM358
RM523D1;RM523
RM525D1;RM525
RM526D1;RM526
RM527D1;RM527
RM529D1;RM529
RM530D1;RM530
RM531D1;RM531
RM534D1;RM534
RM044D1;RM044
RM044D2;RM044
RM044D3;RM044
RM045D1;RM045
RM045D2;RM045
RM045D3;RM045
RM048D1;RM048
RM048D2;RM048
RM048D3;RM048
RM049D1;RM049
RM049D2;RM049
RM049D3;RM049
RM050D2;RM050
RM052D1;RM052
RM052D2;RM052
RM052D3;RM052
RM053D1;RM053
RM053D2;RM053
RM053D3;RM053
RM054D1;RM054
RM054D2;RM054
RM054D3;RM054
RM055D1;RM055
RM055D2;RM055
RM055D3;RM055
RM056D1;RM056
RM056D2;RM056
RM056D3;RM056
RM057D1;RM057
RM057D2;RM057
RM057D3;RM057
RM058D1;RM058
RM058D2;RM058
RM058D3;RM058
RM060D1;RM060
RM060D2;RM060
RM060D3;RM060
RM061D1;RM061
RM061D2;RM061
RM061D3;RM061
RM062D1;RM062
RM062D2;RM062
RM062D3;RM062
RM064D1;RM064
RM064D2;RM064
RM064D3;RM064
RM065D1;RM065
RM065D2;RM065
RM065D3;RM065
RM067D1;RM067
RM067D2;RM067
RM068D1;RM068
RM068D2;RM068
RM068D3;RM068
RM069D1;RM069
RM069D2;RM069
RM070D1;RM070
RM070D2;RM070
RM070D3;RM070
RM074D1;RM074
RM074D2;RM074
RM074D3;RM074
RM076D1;RM076
RM076D2;RM076
RM076D3;RM076
RM156D1;RM156
RM156D2;RM156
RM156D3;RM156
RM163D1;RM163
RM163D2;RM163
RM163D3;RM163
RM164D1;RM164
RM164D2;RM164
RM164D3;RM164
RM165D1;RM165
RM165D2;RM165
RM165D3;RM165
RM174D1;RM174
RM174D2;RM174
RM174D3;RM174
RM176D1;RM176
RM176D2;RM176
RM176D3;RM176
RM177D1;RM177
RM177D2;RM177
RM177D3;RM177
RM178D1;RM178
RM178D2;RM178
RM178D3;RM178
RM179D1;RM179
RM179D2;RM179
RM179D3;RM179
RM194D1;RM194
RM194D2;RM194
RM194D3;RM194
RM196D1;RM196
RM196D2;RM196
RM196D3;RM196
RM212D1;RM212
RM212D2;RM212
RM212D3;RM212
RM240D1;RM240
RM240D2;RM240
RM245D2;RM245
RM245D3;RM245
RM266D1;RM266
RM318D1;RM318
RM318D2;RM318
RM318D3;RM318
RM321D1;RM321
RM321D2;RM321
RM321D3;RM321
RM326D1;RM326
RM326D2;RM326
RM326D3;RM326
RM348D1;RM348
RM348D2;RM348
RM348D3;RM348
RM369D1;RM369
RM369D2;RM369
RM369D3;RM369
RM465D1;RM465
RM600D1;RM600
RM643D1;RM643
RM643D2;RM643
RM643D3;RM643
RM665D2;RM665
RM665D3;RM665
RM678D3;RM678
RM044G1;RM044
RM044G2;RM044
RM044G3;RM044
RM045G3;RM045
RM047G1;RM047
RM047G2;RM047
RM047G3;RM047
RM048G1;RM048
RM048G2;RM048
RM048G3;RM048
RM049G1;RM049
RM049G2;RM049
RM049G3;RM049
RM050G2;RM050
RM050G3;RM050
RM051G1;RM051
RM051G2;RM051
RM052G1;RM052
RM052G2;RM052
RM052G3;RM052
RM055G1;RM055
RM055G3;RM055
RM056G1;RM056
RM056G2;RM056
RM056G3;RM056
RM060G1;RM060
RM060G2;RM060
RM060G3;RM060
RM064G1;RM064
RM064G2;RM064
RM064G3;RM064
RM065G1;RM065
RM065G2;RM065
RM065G3;RM065
RM074G1;RM074
RM074G2;RM074
RM074G3;RM074
RM076G1;RM076
RM076G2;RM076
RM076G3;RM076
RM156G1;RM156
RM156G2;RM156
RM156G3;RM156
RM165G1;RM165
RM165G2;RM165
RM165G3;RM165
RM174G1;RM174
RM174G2;RM174
RM174G3;RM174
RM176G1;RM176
RM176G2;RM176
RM176G3;RM176
RM177G1;RM177
RM177G2;RM177
RM177G3;RM177
RM178G1;RM178
RM178G2;RM178
RM178G3;RM178
RM179G1;RM179
RM194G1;RM194
RM194G2;RM194
RM194G3;RM194
RM245G1;RM245
RM245G2;RM245
RM245G3;RM245
RM724D1;RM724
RM745D1;RM745
RM745D2;RM745
RM745D3;RM745
RM771D1;RM771
RM777D1;RM777
RM777D2;RM777
RM777D3;RM777
RM745G1;RM745
RM745G2;RM745
RM745G3;RM745
RM777G1;RM777
RM777G2;RM777
RM777G3;RM777
RM894D1;RM894
RM894D2;RM894
RM894D3;RM894
RM796G1;RM796
RM796G2;RM796
RM796G3;RM796
RM805G1;RM805
RM805G2;RM805
RM805G3;RM805
RM808G1;RM808
RM808G2;RM808
RM808G3;RM808
RM935G1;RM935
RM935G2;RM935
RM935G3;RM935
RM946G1;RM946
RM946G2;RM946
RM946G3;RM946
RM552D1;RM552
RM552D2;RM552
RM562D1;RM562
RM567D1;RM567
RM577D1;RM577
RM643G1;RM643
RM643G2;RM643
RM643G3;RM643
RM644G1;RM644
RM644G2;RM644
RM644G3;RM644
RM645G1;RM645
RM645G2;RM645
RM645G3;RM645
RM646G1;RM646
RM646G2;RM646
RM646G3;RM646
RM647G1;RM647
RM647G2;RM647
RM647G3;RM647
RM648G1;RM648
RM648G2;RM648
RM648G3;RM648
RM665G1;RM665
RM665G2;RM665
RM665G3;RM665
RM673G1;RM673
RM673G2;RM673
RM673G3;RM673
RM678G1;RM678
RM678G2;RM678
RM716G1;RM716
RM716G2;RM716
RM716G3;RM716
RM995G1;RM995
RM995G2;RM995
RM995G3;RM995
RM887G4;RM887
RM470G1;RM470
RM470G2;RM470
RM470G3;RM470
RM482D4;RM482
RM482G4;RM482
RM156G4;RM156
RM644G4;RM644
RM174G4;RM174
RM174D4;RM174
RM321G1;RM321
RM321G2;RM321
RM321G3;RM321
RM348G1;RM348
RM348G2;RM348
RM348G3;RM348
RM352G1;RM352
RM352G2;RM352
RM352G3;RM352
RM862G1;RM862
RM862G2;RM862
RM862G3;RM862
RM887G1;RM887
RM887G2;RM887
RM887G3;RM887
RM894G1;RM894
RM894G3;RM894
RM483D1;RM483
RM482G1;RM482
RM482G2;RM482
RM482G3;RM482
RM080D1;RM080
RM080D2;RM080
RM080D3;RM080
RM086D1;RM086
RM086D2;RM086
RM086D3;RM086
RM090D1;RM090
RM090D2;RM090
RM090D3;RM090
RM091D1;RM091
RM091D2;RM091
RM091D3;RM091
RM092D1;RM092
RM092D2;RM092
RM092D3;RM092
RM093D1;RM093
RM093D2;RM093
RM093D3;RM093
RM096D1;RM096
RM096D2;RM096
RM096D3;RM096
RM097D1;RM097
RM097D2;RM097
RM097D3;RM097
RM098D1;RM098
RM098D2;RM098
RM098D3;RM098
RM099D1;RM099
RM099D2;RM099
RM099D3;RM099
RM101D1;RM101
RM101D2;RM101
RM102D1;RM102
RM102D2;RM102
RM104D1;RM104
RM104D2;RM104
RM104D3;RM104
RM107D1;RM107
RM107D2;RM107
RM110D1;RM110
RM110D3;RM110
RM111D1;RM111
RM111D2;RM111
RM111D3;RM111
RM112D1;RM112
RM112D2;RM112
RM112D3;RM112
RM113D1;RM113
RM113D2;RM113
RM113D3;RM113
RM114D1;RM114
RM114D2;RM114
RM114D3;RM114
RM115D1;RM115
RM115D2;RM115
RM115D3;RM115
RM116D1;RM116
RM116D2;RM116
RM116D3;RM116
RM117D1;RM117
RM117D2;RM117
RM117D3;RM117
RM118D1;RM118
RM118D2;RM118
RM118D3;RM118
RM120D1;RM120
RM120D2;RM120
RM120D3;RM120
RM121D1;RM121
RM121D2;RM121
RM121D3;RM121
RM122D1;RM122
RM122D2;RM122
RM122D3;RM122
RM123D1;RM123
RM123D2;RM123
RM123D3;RM123
RM124D1;RM124
RM124D2;RM124
RM124D3;RM124
RM210D1;RM210
RM210D2;RM210
RM210D3;RM210
RM224D1;RM224
RM224D2;RM224
RM224D3;RM224
RM267D1;RM267
RM268D1;RM268
RM290D1;RM290
RM290D2;RM290
RM290D3;RM290
RM291D1;RM291
RM291D2;RM291
RM291D3;RM291
RM292D1;RM292
RM292D2;RM292
RM293D1;RM293
RM293D2;RM293
RM293D3;RM293
RM306D1;RM306
RM306D2;RM306
RM306D3;RM306
RM325D1;RM325
RM325D2;RM325
RM325D3;RM325
RM330D1;RM330
RM330D2;RM330
RM330D3;RM330
RM351D1;RM351
RM351D2;RM351
RM356D1;RM356
RM356D2;RM356
RM362D1;RM362
RM362D2;RM362
RM362D3;RM362
RM365D1;RM365
RM365D2;RM365
RM365D3;RM365
RM367D1;RM367
RM367D2;RM367
RM367D3;RM367
RM368D1;RM368
RM368D2;RM368
RM368D3;RM368
RM372D1;RM372
RM409D1;RM409
RM409D2;RM409
RM409D3;RM409
RM433D1;RM433
RM449D1;RM449
RM612D1;RM612
RM612D2;RM612
RM612D3;RM612
RM613D1;RM613
RM613D2;RM613
RM613D3;RM613
RM619D1;RM619
RM619D2;RM619
RM619D3;RM619
RM697D1;RM697
RM697D2;RM697
RM697D3;RM697
RM702D1;RM702
RM702D2;RM702
RM702D3;RM702
RM080G1;RM080
RM080G2;RM080
RM080G3;RM080
RM086G1;RM086
RM086G2;RM086
RM086G3;RM086
RM090G1;RM090
RM090G2;RM090
RM090G3;RM090
RM092G1;RM092
RM092G3;RM092
RM093G1;RM093
RM093G2;RM093
RM093G3;RM093
RM098G1;RM098
RM098G2;RM098
RM098G3;RM098
RM100G1;RM100
RM100G2;RM100
RM100G3;RM100
RM103G1;RM103
RM103G2;RM103
RM103G3;RM103
RM104G1;RM104
RM104G2;RM104
RM104G3;RM104
RM110G1;RM110
RM110G2;RM110
RM110G3;RM110
RM111G1;RM111
RM111G2;RM111
RM111G3;RM111
RM112G1;RM112
RM112G2;RM112
RM112G3;RM112
RM113G1;RM113
RM113G2;RM113
RM113G3;RM113
RM114G1;RM114
RM114G2;RM114
RM114G3;RM114
RM115G1;RM115
RM115G2;RM115
RM115G3;RM115
RM116G1;RM116
RM116G2;RM116
RM116G3;RM116
RM117G1;RM117
RM117G2;RM117
RM117G3;RM117
RM118G1;RM118
RM118G2;RM118
RM118G3;RM118
RM124G1;RM124
RM124G2;RM124
RM124G3;RM124
RM191G1;RM191
RM191G2;RM191
RM191G3;RM191
RM260G1;RM260
RM260G2;RM260
RM260G3;RM260
RM290G1;RM290
RM290G2;RM290
RM290G3;RM290
RM291G1;RM291
RM291G2;RM291
RM291G3;RM291
RM292G1;RM292
RM292G2;RM292
RM292G3;RM292
RM728D1;RM728
RM728D2;RM728
RM732D1;RM732
RM732D2;RM732
RM732D3;RM732
RM779D1;RM779
RM779D2;RM779
RM779D3;RM779
RM728G1;RM728
RM728G2;RM728
RM775G1;RM775
RM775G2;RM775
RM775G3;RM775
RM779G1;RM779
RM779G2;RM779
RM779G3;RM779
RM865D2;RM865
RM890D1;RM890
RM783G1;RM783
RM783G2;RM783
RM783G3;RM783
RM795G1;RM795
RM795G2;RM795
RM795G3;RM795
RM813G1;RM813
RM813G2;RM813
RM813G3;RM813
RM814G1;RM814
RM814G2;RM814
RM814G3;RM814
RM914G1;RM914
RM914G2;RM914
RM914G3;RM914
RM915G1;RM915
RM915G2;RM915
RM915G3;RM915
RM923G1;RM923
RM923G2;RM923
RM923G3;RM923
RM554D1;RM554
RM555D1;RM555
RM555D2;RM555
RM555D3;RM555
RM563D1;RM563
RM563D2;RM563
RM564D1;RM564
RM596D1;RM596
RM596D2;RM596
RM612G1;RM612
RM612G2;RM612
RM612G3;RM612
RM617G1;RM617
RM617G2;RM617
RM617G3;RM617
RM619G1;RM619
RM619G2;RM619
RM619G3;RM619
RM622G1;RM622
RM622G2;RM622
RM622G3;RM622
RM624G1;RM624
RM624G2;RM624
RM624G3;RM624
RM697G1;RM697
RM697G2;RM697
RM697G3;RM697
RM701G1;RM701
RM701G2;RM701
RM701G3;RM701
RM976D1;RM976
RM983D1;RM983
RM983D2;RM983
RM985D1;RM985
RM988D1;RM988
RM362G1;RM362
RM362G2;RM362
RM362G3;RM362
RM365G1;RM365
RM365G3;RM365
RM367G1;RM367
RM367G3;RM367
RM409G1;RM409
RM409G2;RM409
RM409G3;RM409
RM697G4;RM697
RM306G1;RM306
RM306G2;RM306
RM306G3;RM306
RM325G1;RM325
RM325G2;RM325
RM325G3;RM325
RM330G1;RM330
RM330G2;RM330
RM330G3;RM330
RM350G1;RM350
RM350G2;RM350
RM350G3;RM350
RM865G1;RM865
RM865G3;RM865
RM517D1;RM517
RM517D2;RM517
RM517D3;RM517
RM119D1;RM119
RM119D2;RM119
RM119D3;RM119
RM125D1;RM125
RM125D2;RM125
RM125D3;RM125
RM130D1;RM130
RM130D2;RM130
RM131D1;RM131
RM131D2;RM131
RM131D3;RM131
RM133D1;RM133
RM133D3;RM133
RM134D1;RM134
RM134D2;RM134
RM134D3;RM134
RM136D1;RM136
RM136D2;RM136
RM137D1;RM137
RM137D2;RM137
RM137D3;RM137
RM139D1;RM139
RM139D2;RM139
RM139D3;RM139
RM149D1;RM149
RM149D2;RM149
RM149D3;RM149
RM153D1;RM153
RM153D2;RM153
RM153D3;RM153
RM154D1;RM154
RM154D2;RM154
RM154D3;RM154
RM155D1;RM155
RM155D2;RM155
RM155D3;RM155
RM157D1;RM157
RM157D2;RM157
RM157D3;RM157
RM181D1;RM181
RM181D2;RM181
RM181D3;RM181
RM184D1;RM184
RM184D2;RM184
RM184D3;RM184
RM189D1;RM189
RM189D2;RM189
RM189D3;RM189
RM193D1;RM193
RM193D2;RM193
RM193D3;RM193
RM221D1;RM221
RM221D2;RM221
RM221D3;RM221
RM340D2;RM340
RM340D3;RM340
RM616D1;RM616
RM616D2;RM616
RM616D3;RM616
RM629D1;RM629
RM629D2;RM629
RM629D3;RM629
RM629D4;RM629
RM634D1;RM634
RM634D2;RM634
RM634D3;RM634
RM119G1;RM119
RM119G2;RM119
RM119G3;RM119
RM125G1;RM125
RM125G2;RM125
RM125G3;RM125
RM130G1;RM130
RM130G2;RM130
RM133G1;RM133
RM133G3;RM133
RM134G1;RM134
RM134G2;RM134
RM134G3;RM134
RM136G1;RM136
RM136G2;RM136
RM149G1;RM149
RM149G2;RM149
RM149G3;RM149
RM153G1;RM153
RM153G2;RM153
RM153G3;RM153
RM154G1;RM154
RM154G2;RM154
RM154G3;RM154
RM155G1;RM155
RM155G2;RM155
RM155G3;RM155
RM157G1;RM157
RM157G2;RM157
RM157G3;RM157
RM181G2;RM181
RM183G1;RM183
RM183G2;RM183
RM183G3;RM183
RM184G1;RM184
RM184G2;RM184
RM184G3;RM184
RM189G1;RM189
RM189G2;RM189
RM189G3;RM189
RM193G1;RM193
RM193G2;RM193
RM193G3;RM193
RM221G1;RM221
RM221G2;RM221
RM221G3;RM221
RM255G1;RM255
RM255G2;RM255
RM255G3;RM255
RM280G1;RM280
RM280G2;RM280
RM280G3;RM280
RM747D1;RM747
RM747D2;RM747
RM747D3;RM747
RM755D1;RM755
RM755D2;RM755
RM755D3;RM755
RM747G1;RM747
RM747G2;RM747
RM747G3;RM747
RM755G1;RM755
RM755G2;RM755
RM755G3;RM755
RM850D2;RM850
RM850D3;RM850
RM918G1;RM918
RM918G2;RM918
RM918G3;RM918
RM616G1;RM616
RM616G2;RM616
RM616G3;RM616
RM625G1;RM625
RM625G2;RM625
RM625G3;RM625
RM626G1;RM626
RM626G2;RM626
RM626G3;RM626
RM628G1;RM628
RM628G2;RM628
RM628G3;RM628
RM629G1;RM629
RM629G2;RM629
RM629G3;RM629
RM629G4;RM629
RM993G1;RM993
RM993G2;RM993
RM340G1;RM340
RM340G2;RM340
RM340G3;RM340
RM849G1;RM849
RM849G2;RM849
RM849G3;RM849
RM850G1;RM850
RM850G2;RM850
RM850G3;RM850
RM151D1;RM151
RM151D2;RM151
RM151D3;RM151
RM152D1;RM152
RM152D2;RM152
RM152D3;RM152
RM158D1;RM158
RM158D2;RM158
RM158D3;RM158
RM159D1;RM159
RM159D2;RM159
RM159D3;RM159
RM160D1;RM160
RM160D2;RM160
RM160D3;RM160
RM161D1;RM161
RM161D2;RM161
RM161D3;RM161
RM162D1;RM162
RM162D2;RM162
RM162D3;RM162
RM166D1;RM166
RM166D2;RM166
RM166D3;RM166
RM167D1;RM167
RM167D2;RM167
RM167D3;RM167
RM168D1;RM168
RM168D2;RM168
RM168D3;RM168
RM169D1;RM169
RM169D2;RM169
RM169D3;RM169
RM170D1;RM170
RM170D2;RM170
RM170D3;RM170
RM171D1;RM171
RM171D2;RM171
RM171D3;RM171
RM172D1;RM172
RM172D2;RM172
RM172D3;RM172
RM222D1;RM222
RM222D2;RM222
RM289D1;RM289
RM289D2;RM289
RM289D3;RM289
RM345D1;RM345
RM345D2;RM345
RM345D3;RM345
RM346D1;RM346
RM346D2;RM346
RM346D3;RM346
RM355D1;RM355
RM355D2;RM355
RM355D3;RM355
RM363D1;RM363
RM363D2;RM363
RM363D3;RM363
RM615D2;RM615
RM615D3;RM615
RM681D1;RM681
RM681D3;RM681
RM682D3;RM682
RM703D1;RM703
RM703D2;RM703
RM703D3;RM703
RM152G1;RM152
RM152G2;RM152
RM152G3;RM152
RM158G1;RM158
RM158G2;RM158
RM158G3;RM158
RM159G1;RM159
RM159G2;RM159
RM159G3;RM159
RM160G1;RM160
RM160G2;RM160
RM160G3;RM160
RM161G1;RM161
RM161G2;RM161
RM161G3;RM161
RM162G1;RM162
RM162G2;RM162
RM162G3;RM162
RM166G1;RM166
RM166G2;RM166
RM166G3;RM166
RM167G1;RM167
RM167G3;RM167
RM169G1;RM169
RM169G2;RM169
RM169G3;RM169
RM170G1;RM170
RM170G2;RM170
RM170G3;RM170
RM171G1;RM171
RM171G2;RM171
RM171G3;RM171
RM172G1;RM172
RM172G2;RM172
RM172G3;RM172
RM760D2;RM760
RM760D3;RM760
RM723G1;RM723
RM723G2;RM723
RM723G3;RM723
RM759G1;RM759
RM759G2;RM759
RM759G3;RM759
RM760G1;RM760
RM760G2;RM760
RM760G3;RM760
RM615G1;RM615
RM615G2;RM615
RM615G3;RM615
RM681G1;RM681
RM681G2;RM681
RM681G3;RM681
RM682G1;RM682
RM682G2;RM682
RM682G3;RM682
RM703G1;RM703
RM703G2;RM703
RM703G3;RM703
RM980G1;RM980
RM980G2;RM980
RM980G3;RM980
RM615D4;RM615
RM615G4;RM615
RM363G1;RM363
RM363G2;RM363
RM363G3;RM363
RM588G1;RM588
RM588G2;RM588
RM588G3;RM588
RM345G1;RM345
RM345G2;RM345
RM345G3;RM345
RM355G1;RM355
RM355G2;RM355
RM355G3;RM355
RM852G1;RM852
RM852G2;RM852
RM852G3;RM852
RM880G1;RM880
RM880G2;RM880
RM880G3;RM880
RM152V1;RM152
RM152V2;RM152
RM152V3;RM152
RM162V1;RM162
RM162V2;RM162
RM162V3;RM162
RM163V1;RM163
RM163V2;RM163
RM163V3;RM163
RM164V1;RM164
RM164V2;RM164
RM164V3;RM164
RM165V1;RM165
RM165V2;RM165
RM165V3;RM165
RM166V1;RM166
RM166V2;RM166
RM166V3;RM166
RM172V1;RM172
RM172V2;RM172
RM172V3;RM172
RM173V1;RM173
RM173V2;RM173
RM173V3;RM173
RM218V1;RM218
RM218V2;RM218
RM218V3;RM218
RM222V1;RM222
RM222V2;RM222
RM223V1;RM223
RM223V2;RM223
RM223V3;RM223
RM334V1;RM334
RM334V2;RM334
RM334V3;RM334
RM346V1;RM346
RM346V2;RM346
RM346V3;RM346
RM347V1;RM347
RM347V2;RM347
RM347V3;RM347
RM355V1;RM355
RM355V2;RM355
RM355V3;RM355
RM152U1;RM152
RM152U2;RM152
RM152U3;RM152
RM161U1;RM161
RM161U2;RM161
RM161U3;RM161
RM162U1;RM162
RM162U2;RM162
RM162U3;RM162
RM163U1;RM163
RM163U2;RM163
RM163U3;RM163
RM164U1;RM164
RM164U2;RM164
RM164U3;RM164
RM165U1;RM165
RM165U2;RM165
RM165U3;RM165
RM166U1;RM166
RM166U2;RM166
RM166U3;RM166
RM172U1;RM172
RM172U2;RM172
RM172U3;RM172
RM173U1;RM173
RM173U2;RM173
RM173U3;RM173
RM218U1;RM218
RM218U2;RM218
RM218U3;RM218
RM222U1;RM222
RM222U2;RM222
RM223U1;RM223
RM223U2;RM223
RM223U3;RM223
RM334U1;RM334
RM334U2;RM334
RM334U3;RM334
RM346U1;RM346
RM346U2;RM346
RM346U3;RM346
RM347U1;RM347
RM347U2;RM347
RM347U3;RM347
RM355U1;RM355
RM355U2;RM355
RM355U3;RM355
RM504U1;RM504
RM504U2;RM504
RM504U3;RM504
RM161V1;RM161
RM161V2;RM161
RM161V3;RM161
RM673U1;RM673
RM673U2;RM673
RM673U3;RM673
RM678U1;RM678
RM678U2;RM678
RM678U3;RM678
RM681U1;RM681
RM681U2;RM681
RM681U3;RM681
RM700U1;RM700
RM700U2;RM700
RM700U3;RM700
RM703U1;RM703
RM703U2;RM703
RM703U3;RM703
RM735U1;RM735
RM736U1;RM736
RM749U1;RM749
RM749U2;RM749
RM749U3;RM749
RM768U1;RM768
RM768U2;RM768
RM768U3;RM768
RM769U1;RM769
RM769U2;RM769
RM769U3;RM769
RM673V1;RM673
RM673V2;RM673
RM673V3;RM673
RM678V1;RM678
RM678V2;RM678
RM678V3;RM678
RM681V1;RM681
RM681V2;RM681
RM681V3;RM681
RM700V1;RM700
RM700V2;RM700
RM700V3;RM700
RM703V1;RM703
RM703V2;RM703
RM703V3;RM703
RM735V1;RM735
RM736V1;RM736
RM749V1;RM749
RM749V2;RM749
RM749V3;RM749
RM768V1;RM768
RM768V2;RM768
RM768V3;RM768
RM769V1;RM769
RM769V2;RM769
RM769V3;RM769
RM880V1;RM880
RM880V2;RM880
RM880V3;RM880
RM880U1;RM880
RM880U2;RM880
RM880U3;RM880
RM980V1;RM980
RM980V2;RM980
RM980V3;RM980
RM994V1;RM994
RM994V2;RM994
RM994V3;RM994
RM980U1;RM980
RM980U2;RM980
RM980U3;RM980
RM994U1;RM994
RM994U2;RM994
RM994U3;RM994
RM504U4;RM504
RM504V4;RM504
RM161W1;RM161
RM161W2;RM161
RM161W3;RM161
RM355W1;RM355
RM355W2;RM355
RM355W3;RM355
RM152W1;RM152
RM152W2;RM152
RM152W3;RM152
RM166W1;RM166
RM166W2;RM166
RM166W3;RM166
RM347W1;RM347
RM347W2;RM347
RM347W3;RM347
RM164W1;RM164
RM164W2;RM164
RM164W3;RM164
RM334W1;RM334
RM334W2;RM334
RM334W3;RM334
RM880W1;RM880
RM880W2;RM880
RM880W3;RM880
RM994W1;RM994
RM994W2;RM994
RM994W3;RM994
RM673W1;RM673
RM673W2;RM673
RM673W3;RM673
RM749W1;RM749
RM749W2;RM749
RM749W3;RM749
RM768W1;RM768
RM768W2;RM768
RM768W3;RM768
RM980W1;RM980
RM980W2;RM980
RM980W3;RM980
RM735W1;RM735
RM736W1;RM736
RM218W1;RM218
RM218W2;RM218
RM218W3;RM218
RM223W1;RM223
RM223W2;RM223
RM223W3;RM223
RM173W1;RM173
RM173W2;RM173
RM173W3;RM173
RM678W1;RM678
RM678W2;RM678
RM678W3;RM678
RM681W1;RM681
RM681W2;RM681
RM681W3;RM681
RM700W1;RM700
RM700W2;RM700
RM700W3;RM700
RM162W1;RM162
RM162W2;RM162
RM162W3;RM162
RM346W1;RM346
RM346W2;RM346
RM346W3;RM346
RM703W1;RM703
RM703W2;RM703
RM703W3;RM703
RM769W1;RM769
RM769W2;RM769
RM769W3;RM769
RM504V1;RM504
RM504V2;RM504
RM504V3;RM504
RM008A1;RM008
RM008A2;RM008
RM008A3;RM008
RM019A1;RM019
RM019C2;RM019
RM019C3;RM019
RM021A1;RM021
RM021A2;RM021
RM021A3;RM021
RM023A1;RM023
RM023A2;RM023
RM023A3;RM023
RM024A1;RM024
RM024A2;RM024
RM024A3;RM024
RM024C1;RM024
RM024C2;RM024
RM024C3;RM024
RM037A1;RM037
RM037A2;RM037
RM037A3;RM037
RM037C1;RM037
RM037C2;RM037
RM037C3;RM037
RM040A1;RM040
RM040A2;RM040
RM040A3;RM040
RM043A1;RM043
RM043A2;RM043
RM043A3;RM043
RM073A1;RM073
RM073A2;RM073
RM073A3;RM073
RM081A1;RM081
RM081A2;RM081
RM081A3;RM081
RM082A1;RM082
RM082A2;RM082
RM082A3;RM082
RM089A1;RM089
RM089A2;RM089
RM089A3;RM089
RM328A1;RM328
RM328A2;RM328
RM328A3;RM328
RM358A1;RM358
RM358A2;RM358
RM358A3;RM358
RM360A2;RM360
RM364A1;RM364
RM364A2;RM364
RM364A3;RM364
RM364C1;RM364
RM364C2;RM364
RM364C3;RM364
RM366A1;RM366
RM366A2;RM366
RM548A1;RM548
RM548A2;RM548
RM548A3;RM548
RM605A1;RM605
RM605A2;RM605
RM605A3;RM605
RM720A1;RM720
RM720A2;RM720
RM720A3;RM720
RM927A1;RM927
RM927A2;RM927
RM927A3;RM927
RM737A1;RM737
RM737A2;RM737
RM217A1;RM217
RM217A2;RM217
RM217A3;RM217
RM219A1;RM219
RM219A2;RM219
RM219A3;RM219
RM219C1;RM219
RM219C2;RM219
RM219C3;RM219
RM281A1;RM281
RM281A2;RM281
RM780A1;RM780
RM780A2;RM780
RM780A3;RM780
RM780C1;RM780
RM780C2;RM780
RM780C3;RM780
RM799A1;RM799
RM799A2;RM799
RM799A3;RM799
RM799C1;RM799
RM799C2;RM799
RM799C3;RM799
RM936A1;RM936
RM936A2;RM936
RM936A3;RM936
RM936C1;RM936
RM936C2;RM936
RM936C3;RM936
RM748A1;RM748
RM748A2;RM748
RM748A3;RM748
RM749A1;RM749
RM749A2;RM749
RM749A3;RM749
RM763A1;RM763
RM763A2;RM763
RM763A3;RM763
RM763C1;RM763
RM763C3;RM763
RM769A1;RM769
RM769A2;RM769
RM769A3;RM769
RM784A1;RM784
RM784A2;RM784
RM784A3;RM784
RM086A1;RM086
RM086A2;RM086
RM086A3;RM086
RM090A1;RM090
RM090A2;RM090
RM090A3;RM090
RM092A1;RM092
RM092A2;RM092
RM092A3;RM092
RM093A1;RM093
RM093A2;RM093
RM093A3;RM093
RM098A1;RM098
RM098A2;RM098
RM098A3;RM098
RM104A1;RM104
RM104A2;RM104
RM104A3;RM104
RM110A1;RM110
RM110A2;RM110
RM110A3;RM110
RM191A1;RM191
RM191A2;RM191
RM191A3;RM191
RM191C1;RM191
RM191C2;RM191
RM191C3;RM191
RM260A1;RM260
RM260A2;RM260
RM260A3;RM260
RM260C1;RM260
RM260C2;RM260
RM260C3;RM260
RM867A1;RM867
RM867A2;RM867
RM867A3;RM867
RM867C1;RM867
RM867C2;RM867
RM867C3;RM867
RM915A1;RM915
RM915A2;RM915
RM915A3;RM915
RM350A1;RM350
RM350A2;RM350
RM350A3;RM350
RM367A1;RM367
RM367A2;RM367
RM367A3;RM367
RM367C1;RM367
RM367C2;RM367
RM367C3;RM367
RM368A1;RM368
RM368A2;RM368
RM368A3;RM368
RM612A1;RM612
RM612A2;RM612
RM612A3;RM612
RM612C1;RM612
RM612C2;RM612
RM612C3;RM612
RM617A1;RM617
RM617A2;RM617
RM617A3;RM617
RM619A1;RM619
RM619A2;RM619
RM619A3;RM619
RM624A1;RM624
RM624A2;RM624
RM624A3;RM624
RM701A1;RM701
RM701A2;RM701
RM701A3;RM701
RM728A1;RM728
RM728A2;RM728
RM732A1;RM732
RM732A2;RM732
RM732A3;RM732
RM779A1;RM779
RM779A2;RM779
RM779A3;RM779
RM813A1;RM813
RM813A2;RM813
RM813A3;RM813
RM814A1;RM814
RM814A2;RM814
RM814A3;RM814
RM923A1;RM923
RM923A2;RM923
RM923A3;RM923
RM923C1;RM923
RM923C2;RM923
RM923C3;RM923
RM983C1;RM983
RM983C2;RM983
RM983C3;RM983
RM983C4;RM983
RM983C5;RM983
RM983C6;RM983
RM125A1;RM125
RM125A2;RM125
RM125A3;RM125
RM125C1;RM125
RM125C2;RM125
RM125C3;RM125
RM130A1;RM130
RM130A2;RM130
RM130C1;RM130
RM130C2;RM130
RM133A1;RM133
RM133A2;RM133
RM133A3;RM133
RM133C1;RM133
RM133C2;RM133
RM133C3;RM133
RM134A1;RM134
RM134A2;RM134
RM134A3;RM134
RM139A1;RM139
RM139A2;RM139
RM139A3;RM139
RM153A1;RM153
RM153A2;RM153
RM153A3;RM153
RM154A1;RM154
RM154A2;RM154
RM154A3;RM154
RM154C1;RM154
RM154C2;RM154
RM154C3;RM154
RM155A1;RM155
RM155A2;RM155
RM155A3;RM155
RM157A1;RM157
RM157A2;RM157
RM157A3;RM157
RM181A1;RM181
RM181A2;RM181
RM181A3;RM181
RM183A1;RM183
RM183A2;RM183
RM183A3;RM183
RM189A1;RM189
RM189A2;RM189
RM221A1;RM221
RM280A1;RM280
RM280A2;RM280
RM280A3;RM280
RM628A1;RM628
RM628A2;RM628
RM628A3;RM628
RM628C1;RM628
RM628C2;RM628
RM628C3;RM628
RM629A1;RM629
RM629A2;RM629
RM629A3;RM629
RM629A4;RM629
RM629C1;RM629
RM629C2;RM629
RM849A1;RM849
RM849A2;RM849
RM849A3;RM849
RM850A1;RM850
RM850A2;RM850
RM850A3;RM850
RM918A1;RM918
RM918A2;RM918
RM918A3;RM918
RM933A1;RM933
RM933A2;RM933
RM933A3;RM933
RM152A1;RM152
RM152A2;RM152
RM152A3;RM152
RM159A1;RM159
RM159A2;RM159
RM159A3;RM159
RM161A1;RM161
RM161A2;RM161
RM161A3;RM161
RM161C1;RM161
RM161C2;RM161
RM161C3;RM161
RM167A1;RM167
RM169A1;RM169
RM169A2;RM169
RM169A3;RM169
RM171A1;RM171
RM171A2;RM171
RM171A3;RM171
RM171C1;RM171
RM171C2;RM171
RM171C3;RM171
RM345A1;RM345
RM345A2;RM345
RM345A3;RM345
RM355A1;RM355
RM355A2;RM355
RM355A3;RM355
RM363A1;RM363
RM363A2;RM363
RM363A3;RM363
RM615A1;RM615
RM615A2;RM615
RM615A3;RM615
RM615A4;RM615
RM681A1;RM681
RM681A2;RM681
RM681A3;RM681
RM759A1;RM759
RM759A2;RM759
RM759A3;RM759
RM759C1;RM759
RM759C2;RM759
RM759C3;RM759
RM852A1;RM852
RM852A2;RM852
RM852A3;RM852
RM077A1;RM077
RM077A2;RM077
RM077A3;RM077
RM095A1;RM095
RM095A2;RM095
RM095A3;RM095
RM148A1;RM148
RM148A2;RM148
RM148A3;RM148
RM198A1;RM198
RM198A2;RM198
RM198A3;RM198
RM200A1;RM200
RM200A2;RM200
RM203A1;RM203
RM203A2;RM203
RM203A3;RM203
RM247A1;RM247
RM247A2;RM247
RM247A3;RM247
RM338A1;RM338
RM338A2;RM338
RM338A3;RM338
RM407A1;RM407
RM407A2;RM407
RM407A3;RM407
RM463A1;RM463
RM463A2;RM463
RM463A3;RM463
RM471A1;RM471
RM471A2;RM471
RM471A3;RM471
RM471A4;RM471
RM471C1;RM471
RM471C3;RM471
RM471C4;RM471
RM655A1;RM655
RM655A2;RM655
RM655A3;RM655
RM655C1;RM655
RM655C2;RM655
RM655C3;RM655
RM699A1;RM699
RM699A2;RM699
RM699A3;RM699
RM766A1;RM766
RM766A2;RM766
RM766A3;RM766
RM794A1;RM794
RM794A2;RM794
RM794A3;RM794
RM802A1;RM802
RM802A2;RM802
RM802A3;RM802
RM819A1;RM819
RM819A2;RM819
RM819A3;RM819
RM853A1;RM853
RM853A2;RM853
RM853A3;RM853
RM941A1;RM941
RM941A2;RM941
RM941A3;RM941
RM941C1;RM941
RM941C2;RM941
RM941C3;RM941
RM045A1;RM045
RM045A2;RM045
RM045A3;RM045
RM047A1;RM047
RM047A2;RM047
RM047A3;RM047
RM048A1;RM048
RM048A2;RM048
RM048A3;RM048
RM051A1;RM051
RM051A2;RM051
RM056A1;RM056
RM056A2;RM056
RM056A3;RM056
RM064A1;RM064
RM064A2;RM064
RM064A3;RM064
RM074A1;RM074
RM074A2;RM074
RM074A3;RM074
RM196A1;RM196
RM196A2;RM196
RM196A3;RM196
RM212A1;RM212
RM212A2;RM212
RM212A3;RM212
RM348A1;RM348
RM348A2;RM348
RM348A3;RM348
RM644A1;RM644
RM644A2;RM644
RM644A3;RM644
RM644A4;RM644
RM862A1;RM862
RM862A2;RM862
RM862A3;RM862
RM058A1;RM058
RM058A2;RM058
RM058A3;RM058
RM058C1;RM058
RM058C2;RM058
RM058C3;RM058
RM061A1;RM061
RM061A2;RM061
RM061A3;RM061
RM061C1;RM061
RM061C2;RM061
RM061C3;RM061
RM070A1;RM070
RM070A2;RM070
RM070A3;RM070
RM070C1;RM070
RM070C2;RM070
RM070C3;RM070
RM176C1;RM176
RM176C2;RM176
RM176C3;RM176
RM245A1;RM245
RM245A2;RM245
RM245A3;RM245
RM245C1;RM245
RM245C2;RM245
RM245C3;RM245
RM318A1;RM318
RM318A2;RM318
RM318A3;RM318
RM318C1;RM318
RM318C2;RM318
RM318C3;RM318
RM482A1;RM482
RM482A2;RM482
RM643A1;RM643
RM643A2;RM643
RM643A3;RM643
RM646A1;RM646
RM646A2;RM646
RM646A3;RM646
RM665A1;RM665
RM665A2;RM665
RM665A3;RM665
RM673A1;RM673
RM673A2;RM673
RM673A3;RM673
RM771C1;RM771
RM771C2;RM771
RM771C3;RM771
RM777A1;RM777
RM777A2;RM777
RM777A3;RM777
RM805A1;RM805
RM805A2;RM805
RM805A3;RM805
RM887A1;RM887
RM887A2;RM887
RM887A3;RM887
RM887C1;RM887
RM887C2;RM887
RM887C3;RM887
RM894A1;RM894
RM894A2;RM894
RM894A3;RM894
RM995A1;RM995
RM995A2;RM995
RM995A3;RM995
RM546A1;RM546
RM546A2;RM546
RM546A3;RM546
RM716A1;RM716
RM716A2;RM716
RM716A3;RM716
RM716C1;RM716
RM716C2;RM716
RM716C3;RM716
RM027A1;RM027
RM027A2;RM027
RM027A3;RM027
RM027C1;RM027
RM027C2;RM027
RM027C3;RM027
RM028A1;RM028
RM028A2;RM028
RM028A3;RM028
RM029A1;RM029
RM029A2;RM029
RM029A3;RM029
RM030A1;RM030
RM030A2;RM030
RM030A3;RM030
RM109A1;RM109
RM109A2;RM109
RM109A3;RM109
RM129A1;RM129
RM129A2;RM129
RM132A1;RM132
RM132A2;RM132
RM132A3;RM132
RM132C1;RM132
RM132C2;RM132
RM132C3;RM132
RM188A1;RM188
RM188A2;RM188
RM188A3;RM188
RM322A1;RM322
RM322A2;RM322
RM322A3;RM322
RM354A1;RM354
RM354A2;RM354
RM354A3;RM354
RM354C1;RM354
RM354C2;RM354
RM354C3;RM354
RM585A1;RM585
RM585A2;RM585
RM585A3;RM585
RM727A1;RM727
RM727A2;RM727
RM727A3;RM727
RM752A1;RM752
RM752A2;RM752
RM752A3;RM752
RM752C1;RM752
RM752C2;RM752
RM752C3;RM752
RM910A1;RM910
RM910A2;RM910
RM910A3;RM910
RM757A1;RM757
RM757A2;RM757
RM757A3;RM757
RM757C1;RM757
RM757C2;RM757
RM757C3;RM757
RM882C1;RM882
RM882C2;RM882
RM882C3;RM882
RM032A1;RM032
RM032A2;RM032
RM032A3;RM032
RM141A1;RM141
RM141A2;RM141
RM141A3;RM141
RM142A1;RM142
RM142A2;RM142
RM142A3;RM142
RM143A1;RM143
RM143A2;RM143
RM143A3;RM143
RM145A1;RM145
RM145A2;RM145
RM145A3;RM145
RM192A1;RM192
RM192A2;RM192
RM192A3;RM192
RM611A1;RM611
RM611A2;RM611
RM611A3;RM611
RM932A1;RM932
RM932A2;RM932
RM932A3;RM932
RM062A1;RM062
RM062A2;RM062
RM062A3;RM062
RM001U1;RM001
RM001U2;RM001
RM001U3;RM001
RM002U1;RM002
RM002U2;RM002
RM003U1;RM003
RM003U2;RM003
RM003U3;RM003
RM004U1;RM004
RM004U2;RM004
RM004U3;RM004
RM005U1;RM005
RM005U2;RM005
RM006U1;RM006
RM006U2;RM006
RM006U3;RM006
RM008U1;RM008
RM008U2;RM008
RM008U3;RM008
RM014U1;RM014
RM014U2;RM014
RM014U3;RM014
RM015U1;RM015
RM015U2;RM015
RM015U3;RM015
RM016U1;RM016
RM016U2;RM016
RM017U1;RM017
RM017U2;RM017
RM017U3;RM017
RM018U1;RM018
RM018U2;RM018
RM018U3;RM018
RM019U1;RM019
RM019U2;RM019
RM019U3;RM019
RM020U1;RM020
RM020U2;RM020
RM020U3;RM020
RM021U1;RM021
RM021U2;RM021
RM021U3;RM021
RM023U1;RM023
RM023U2;RM023
RM023U3;RM023
RM024U1;RM024
RM024U2;RM024
RM024U3;RM024
RM025U1;RM025
RM025U2;RM025
RM025U3;RM025
RM026U1;RM026
RM026U2;RM026
RM026U3;RM026
RM001V1;RM001
RM001V2;RM001
RM001V3;RM001
RM002V1;RM002
RM002V2;RM002
RM003V1;RM003
RM003V2;RM003
RM003V3;RM003
RM004V1;RM004
RM004V2;RM004
RM004V3;RM004
RM005V1;RM005
RM005V2;RM005
RM006V1;RM006
RM006V2;RM006
RM006V3;RM006
RM008V1;RM008
RM008V2;RM008
RM008V3;RM008
RM014V1;RM014
RM014V2;RM014
RM014V3;RM014
RM015V1;RM015
RM015V2;RM015
RM015V3;RM015
RM016V1;RM016
RM016V2;RM016
RM017V1;RM017
RM017V2;RM017
RM017V3;RM017
RM018V1;RM018
RM018V2;RM018
RM018V3;RM018
RM019V1;RM019
RM019V2;RM019
RM019V3;RM019
RM020V1;RM020
RM020V2;RM020
RM020V3;RM020
RM021V1;RM021
RM021V2;RM021
RM021V3;RM021
RM023V1;RM023
RM023V2;RM023
RM023V3;RM023
RM024V1;RM024
RM024V2;RM024
RM024V3;RM024
RM025V1;RM025
RM025V2;RM025
RM025V3;RM025
RM026V1;RM026
RM026V2;RM026
RM026V3;RM026
RM083V1;RM083
RM083V2;RM083
RM083V3;RM083
RM190V1;RM190
RM190V2;RM190
RM190V3;RM190
RM225V1;RM225
RM226V1;RM226
RM227V1;RM227
RM229V1;RM229
RM230V1;RM230
RM241V1;RM241
RM262V1;RM262
RM262V2;RM262
RM262V3;RM262
RM337V1;RM337
RM337V2;RM337
RM337V3;RM337
RM360V1;RM360
RM360V2;RM360
RM360V3;RM360
RM400V1;RM400
RM400V2;RM400
RM400V3;RM400
RM401V1;RM401
RM401V2;RM401
RM401V3;RM401
RM440V1;RM440
RM444V1;RM444
RM083U1;RM083
RM083U2;RM083
RM083U3;RM083
RM190U1;RM190
RM190U2;RM190
RM190U3;RM190
RM225U1;RM225
RM226U1;RM226
RM227U1;RM227
RM229U1;RM229
RM230U1;RM230
RM241U1;RM241
RM262U1;RM262
RM262U2;RM262
RM262U3;RM262
RM337U1;RM337
RM337U2;RM337
RM337U3;RM337
RM360U1;RM360
RM360U2;RM360
RM360U3;RM360
RM400U1;RM400
RM400U2;RM400
RM400U3;RM400
RM401U1;RM401
RM401U2;RM401
RM401U3;RM401
RM440U1;RM440
RM444U1;RM444
RM525U1;RM525
RM531U1;RM531
RM550U1;RM550
RM550U2;RM550
RM550U3;RM550
RM614U1;RM614
RM614U2;RM614
RM614U3;RM614
RM679U1;RM679
RM721U1;RM721
RM721U2;RM721
RM721U3;RM721
RM737U1;RM737
RM737U2;RM737
RM737U3;RM737
RM778U1;RM778
RM614V1;RM614
RM614V2;RM614
RM614V3;RM614
RM679V1;RM679
RM721V1;RM721
RM721V2;RM721
RM721V3;RM721
RM737V1;RM737
RM737V2;RM737
RM737V3;RM737
RM856V1;RM856
RM864V1;RM864
RM864V2;RM864
RM864V3;RM864
RM879V1;RM879
RM927V1;RM927
RM927V2;RM927
RM927V3;RM927
RM793U1;RM793
RM793U2;RM793
RM793U3;RM793
RM856U1;RM856
RM864U1;RM864
RM864U2;RM864
RM864U3;RM864
RM879U1;RM879
RM793V1;RM793
RM793V2;RM793
RM793V3;RM793
RM550V1;RM550
RM550V2;RM550
RM550V3;RM550
RM927U1;RM927
RM927U2;RM927
RM927U3;RM927
RM015W1;RM015
RM015W2;RM015
RM015W3;RM015
RM337W1;RM337
RM337W2;RM337
RM337W3;RM337
RM008W1;RM008
RM008W2;RM008
RM008W3;RM008
RM018W1;RM018
RM018W2;RM018
RM018W3;RM018
RM614W1;RM614
RM614W2;RM614
RM614W3;RM614
RM016W1;RM016
RM016W2;RM016
RM360W1;RM360
RM360W2;RM360
RM360W3;RM360
RM020W1;RM020
RM020W2;RM020
RM020W3;RM020
RM721W1;RM721
RM721W2;RM721
RM721W3;RM721
RM021W1;RM021
RM021W2;RM021
RM021W3;RM021
RM023W1;RM023
RM023W2;RM023
RM023W3;RM023
RM019W1;RM019
RM019W2;RM019
RM019W3;RM019
RM003W1;RM003
RM003W2;RM003
RM003W3;RM003
RM004W1;RM004
RM004W2;RM004
RM004W3;RM004
RM006W1;RM006
RM006W2;RM006
RM006W3;RM006
RM190W1;RM190
RM190W2;RM190
RM190W3;RM190
RM927W1;RM927
RM927W2;RM927
RM927W3;RM927
RM017W1;RM017
RM017W2;RM017
RM017W3;RM017
RM024W1;RM024
RM024W2;RM024
RM024W3;RM024
RM737W1;RM737
RM737W2;RM737
RM737W3;RM737
RM864W1;RM864
RM864W2;RM864
RM864W3;RM864
RM083W1;RM083
RM083W2;RM083
RM083W3;RM083
RM793W1;RM793
RM793W2;RM793
RM793W3;RM793
RM525V1;RM525
RM531V1;RM531
RM072D1;RM072
RM072D2;RM072
RM072D3;RM072
RM077D1;RM077
RM077D2;RM077
RM077D3;RM077
RM078D1;RM078
RM078D2;RM078
RM078D3;RM078
RM094D1;RM094
RM094D2;RM094
RM094D3;RM094
RM095D1;RM095
RM095D2;RM095
RM148D1;RM148
RM148D2;RM148
RM148D3;RM148
RM195D1;RM195
RM195D2;RM195
RM195D3;RM195
RM199D1;RM199
RM199D2;RM199
RM199D3;RM199
RM201D1;RM201
RM201D2;RM201
RM201D3;RM201
RM202D1;RM202
RM202D2;RM202
RM202D3;RM202
RM203D1;RM203
RM203D3;RM203
RM204D1;RM204
RM204D2;RM204
RM243D1;RM243
RM247D1;RM247
RM247D2;RM247
RM247D3;RM247
RM323D1;RM323
RM323D2;RM323
RM323D3;RM323
RM331D2;RM331
RM332D1;RM332
RM332D2;RM332
RM332D3;RM332
RM338D1;RM338
RM338D2;RM338
RM338D3;RM338
RM359D1;RM359
RM359D2;RM359
RM361D1;RM361
RM361D2;RM361
RM361D3;RM361
RM463D1;RM463
RM463D2;RM463
RM463D3;RM463
RM471D1;RM471
RM471D3;RM471
RM650D1;RM650
RM650D2;RM650
RM650D3;RM650
RM655D1;RM655
RM695D1;RM695
RM695D2;RM695
RM698D1;RM698
RM698D2;RM698
RM698D3;RM698
RM699D1;RM699
RM699D2;RM699
RM699D3;RM699
RM719D1;RM719
RM719D2;RM719
RM072G1;RM072
RM072G2;RM072
RM072G3;RM072
RM077G1;RM077
RM077G2;RM077
RM077G3;RM077
RM078G1;RM078
RM078G2;RM078
RM078G3;RM078
RM094G1;RM094
RM094G2;RM094
RM094G3;RM094
RM095G1;RM095
RM095G2;RM095
RM095G3;RM095
RM148G1;RM148
RM148G2;RM148
RM148G3;RM148
RM195G1;RM195
RM195G2;RM195
RM195G3;RM195
RM197G1;RM197
RM197G2;RM197
RM197G3;RM197
RM198G1;RM198
RM198G2;RM198
RM198G3;RM198
RM200G1;RM200
RM200G2;RM200
RM200G3;RM200
RM201G1;RM201
RM201G2;RM201
RM201G3;RM201
RM202G1;RM202
RM202G2;RM202
RM202G3;RM202
RM203G1;RM203
RM203G2;RM203
RM203G3;RM203
RM238G1;RM238
RM238G2;RM238
RM238G3;RM238
RM247G1;RM247
RM247G2;RM247
RM247G3;RM247
RM252G1;RM252
RM252G2;RM252
RM252G3;RM252
RM254G1;RM254
RM254G2;RM254
RM254G3;RM254
RM766G1;RM766
RM766G2;RM766
RM766G3;RM766
RM842D1;RM842
RM842D2;RM842
RM842D3;RM842
RM897D1;RM897
RM897D2;RM897
RM897D3;RM897
RM782G1;RM782
RM782G2;RM782
RM782G3;RM782
RM790G1;RM790
RM790G2;RM790
RM790G3;RM790
RM802G1;RM802
RM802G2;RM802
RM802G3;RM802
RM806G1;RM806
RM806G2;RM806
RM806G3;RM806
RM809G1;RM809
RM809G2;RM809
RM809G3;RM809
RM819G1;RM819
RM819G2;RM819
RM819G3;RM819
RM925D1;RM925
RM925D2;RM925
RM925D3;RM925
RM941D1;RM941
RM941D2;RM941
RM941D3;RM941
RM925G1;RM925
RM925G2;RM925
RM925G3;RM925
RM941G1;RM941
RM941G2;RM941
RM941G3;RM941
RM794D1;RM794
RM794D2;RM794
RM794D3;RM794
RM798D1;RM798
RM798D2;RM798
RM798D3;RM798
RM802D1;RM802
RM802D2;RM802
RM802D3;RM802
RM809D1;RM809
RM809D2;RM809
RM809D3;RM809
RM551D1;RM551
RM551D2;RM551
RM551D3;RM551
RM650G1;RM650
RM650G2;RM650
RM650G3;RM650
RM655G1;RM655
RM655G2;RM655
RM655G3;RM655
RM698G1;RM698
RM698G2;RM698
RM698G3;RM698
RM699G1;RM699
RM699G2;RM699
RM699G3;RM699
RM719G1;RM719
RM719G2;RM719
RM719G3;RM719
RM361G1;RM361
RM361G2;RM361
RM361G3;RM361
RM393G1;RM393
RM393G2;RM393
RM393G3;RM393
RM407G1;RM407
RM407G2;RM407
RM407G3;RM407
RM463G1;RM463
RM463G2;RM463
RM463G3;RM463
RM471G1;RM471
RM471G2;RM471
RM471G3;RM471
RM200G4;RM200
RM551G1;RM551
RM551G2;RM551
RM551G3;RM551
RM331G1;RM331
RM331G3;RM331
RM332G1;RM332
RM332G2;RM332
RM332G3;RM332
RM359G1;RM359
RM359G2;RM359
RM471G4;RM471
RM471D4;RM471
RM842G1;RM842
RM842G2;RM842
RM842G3;RM842
RM853G1;RM853
RM853G2;RM853
RM853G3;RM853
RM897G1;RM897
RM897G2;RM897
RM897G3;RM897
RM032U1;RM032
RM032U2;RM032
RM032U3;RM032
RM033U1;RM033
RM033U2;RM033
RM033U3;RM033
RM034U1;RM034
RM034U2;RM034
RM032V1;RM032
RM032V2;RM032
RM032V3;RM032
RM033V1;RM033
RM033V2;RM033
RM033V3;RM033
RM034V1;RM034
RM034V2;RM034
RM125V1;RM125
RM125V2;RM125
RM125V3;RM125
RM133V1;RM133
RM133V3;RM133
RM134V1;RM134
RM134V2;RM134
RM134V3;RM134
RM136V1;RM136
RM136V2;RM136
RM137V1;RM137
RM137V2;RM137
RM137V3;RM137
RM139V1;RM139
RM139V2;RM139
RM139V3;RM139
RM140V1;RM140
RM140V2;RM140
RM140V3;RM140
RM141V1;RM141
RM141V2;RM141
RM141V3;RM141
RM142V1;RM142
RM142V2;RM142
RM142V3;RM142
RM143V1;RM143
RM143V2;RM143
RM143V3;RM143
RM144V1;RM144
RM144V2;RM144
RM144V3;RM144
RM145V1;RM145
RM145V2;RM145
RM145V3;RM145
RM146V1;RM146
RM146V2;RM146
RM146V3;RM146
RM149V1;RM149
RM149V2;RM149
RM149V3;RM149
RM153V1;RM153
RM153V2;RM153
RM153V3;RM153
RM155V1;RM155
RM155V2;RM155
RM155V3;RM155
RM157V1;RM157
RM157V2;RM157
RM157V3;RM157
RM158V1;RM158
RM158V2;RM158
RM158V3;RM158
RM160V1;RM160
RM160V2;RM160
RM160V3;RM160
RM167V1;RM167
RM167V2;RM167
RM167V3;RM167
RM168V1;RM168
RM168V2;RM168
RM168V3;RM168
RM169V1;RM169
RM169V2;RM169
RM169V3;RM169
RM170V1;RM170
RM170V2;RM170
RM170V3;RM170
RM171V1;RM171
RM171V2;RM171
RM171V3;RM171
RM184V1;RM184
RM184V2;RM184
RM184V3;RM184
RM187V1;RM187
RM187V2;RM187
RM187V3;RM187
RM214V1;RM214
RM214V2;RM214
RM214V3;RM214
RM255V1;RM255
RM255V2;RM255
RM255V3;RM255
RM289V1;RM289
RM289V2;RM289
RM289V3;RM289
RM340V1;RM340
RM340V2;RM340
RM340V3;RM340
RM345V1;RM345
RM345V2;RM345
RM345V3;RM345
RM363V1;RM363
RM363V2;RM363
RM363V3;RM363
RM125U1;RM125
RM125U2;RM125
RM125U3;RM125
RM133U1;RM133
RM133U3;RM133
RM134U1;RM134
RM134U2;RM134
RM134U3;RM134
RM136U1;RM136
RM136U2;RM136
RM137U1;RM137
RM137U2;RM137
RM137U3;RM137
RM139U1;RM139
RM139U2;RM139
RM139U3;RM139
RM140U1;RM140
RM140U2;RM140
RM140U3;RM140
RM141U1;RM141
RM141U2;RM141
RM141U3;RM141
RM142U1;RM142
RM142U2;RM142
RM142U3;RM142
RM143U1;RM143
RM143U2;RM143
RM143U3;RM143
RM144U1;RM144
RM144U2;RM144
RM144U3;RM144
RM145U1;RM145
RM145U2;RM145
RM145U3;RM145
RM146U1;RM146
RM146U2;RM146
RM146U3;RM146
RM149U1;RM149
RM149U2;RM149
RM149U3;RM149
RM153U1;RM153
RM153U2;RM153
RM153U3;RM153
RM154U1;RM154
RM154U2;RM154
RM154U3;RM154
RM155U1;RM155
RM155U2;RM155
RM155U3;RM155
RM157U1;RM157
RM157U2;RM157
RM157U3;RM157
RM158U1;RM158
RM158U2;RM158
RM158U3;RM158
RM159U1;RM159
RM159U2;RM159
RM159U3;RM159
RM160U1;RM160
RM160U2;RM160
RM160U3;RM160
RM167U1;RM167
RM167U2;RM167
RM167U3;RM167
RM168U1;RM168
RM168U2;RM168
RM168U3;RM168
RM169U1;RM169
RM169U2;RM169
RM169U3;RM169
RM170U1;RM170
RM170U2;RM170
RM170U3;RM170
RM171U1;RM171
RM171U2;RM171
RM171U3;RM171
RM184U1;RM184
RM184U2;RM184
RM184U3;RM184
RM187U1;RM187
RM187U2;RM187
RM187U3;RM187
RM214U1;RM214
RM214U2;RM214
RM214U3;RM214
RM255U1;RM255
RM255U2;RM255
RM255U3;RM255
RM289U1;RM289
RM289U2;RM289
RM289U3;RM289
RM340U1;RM340
RM340U2;RM340
RM340U3;RM340
RM345U1;RM345
RM345U2;RM345
RM345U3;RM345
RM363U1;RM363
RM363U2;RM363
RM363U3;RM363
RM545U1;RM545
RM545U2;RM545
RM545U3;RM545
RM584U1;RM584
RM584U2;RM584
RM584U3;RM584
RM588U1;RM588
RM588U2;RM588
RM588U3;RM588
RM154V1;RM154
RM154V2;RM154
RM154V3;RM154
RM159V1;RM159
RM159V2;RM159
RM159V3;RM159
RM615U1;RM615
RM615U2;RM615
RM615U3;RM615
RM628U1;RM628
RM628U2;RM628
RM628U3;RM628
RM629U1;RM629
RM629U2;RM629
RM629U3;RM629
RM634U1;RM634
RM634U2;RM634
RM634U3;RM634
RM682U1;RM682
RM682U2;RM682
RM682U3;RM682
RM723U1;RM723
RM723U2;RM723
RM723U3;RM723
RM727U1;RM727
RM727U2;RM727
RM727U3;RM727
RM755U1;RM755
RM755U2;RM755
RM755U3;RM755
RM759U1;RM759
RM759U2;RM759
RM759U3;RM759
RM760U1;RM760
RM760U2;RM760
RM760U3;RM760
RM615V1;RM615
RM615V2;RM615
RM615V3;RM615
RM628V1;RM628
RM628V2;RM628
RM628V3;RM628
RM629V1;RM629
RM629V2;RM629
RM629V3;RM629
RM634V1;RM634
RM634V2;RM634
RM634V3;RM634
RM682V1;RM682
RM682V2;RM682
RM682V3;RM682
RM723V1;RM723
RM723V2;RM723
RM723V3;RM723
RM727V1;RM727
RM727V2;RM727
RM727V3;RM727
RM755V1;RM755
RM755V2;RM755
RM755V3;RM755
RM759V1;RM759
RM759V2;RM759
RM759V3;RM759
RM760V1;RM760
RM760V2;RM760
RM760V3;RM760
RM849V1;RM849
RM849V2;RM849
RM849V3;RM849
RM852V1;RM852
RM852V2;RM852
RM852V3;RM852
RM932V1;RM932
RM932V2;RM932
RM932V3;RM932
RM933V1;RM933
RM933V2;RM933
RM933V3;RM933
RM849U1;RM849
RM849U2;RM849
RM849U3;RM849
RM852U1;RM852
RM852U2;RM852
RM852U3;RM852
RM545V1;RM545
RM545V2;RM545
RM545V3;RM545
RM584V1;RM584
RM584V2;RM584
RM584V3;RM584
RM588V1;RM588
RM588V2;RM588
RM588V3;RM588
RM932U1;RM932
RM932U2;RM932
RM932U3;RM932
RM933U1;RM933
RM933U2;RM933
RM933U3;RM933
RM629U4;RM629
RM629V4;RM629
RM615V4;RM615
RM615U4;RM615
RM142W1;RM142
RM142W2;RM142
RM142W3;RM142
RM171W1;RM171
RM171W2;RM171
RM171W3;RM171
RM363W1;RM363
RM363W2;RM363
RM363W3;RM363
RM723W1;RM723
RM723W2;RM723
RM723W3;RM723
RM134W1;RM134
RM134W2;RM134
RM134W3;RM134
RM137W1;RM137
RM137W2;RM137
RM137W3;RM137
RM146W1;RM146
RM146W2;RM146
RM146W3;RM146
RM153W1;RM153
RM153W2;RM153
RM153W3;RM153
RM759W1;RM759
RM759W2;RM759
RM759W3;RM759
RM139W1;RM139
RM139W2;RM139
RM139W3;RM139
RM154W1;RM154
RM154W2;RM154
RM154W3;RM154
RM255W1;RM255
RM255W2;RM255
RM255W3;RM255
RM628W1;RM628
RM628W2;RM628
RM628W3;RM628
RM682W1;RM682
RM682W2;RM682
RM682W3;RM682
RM141W1;RM141
RM141W2;RM141
RM141W3;RM141
RM143W1;RM143
RM143W2;RM143
RM143W3;RM143
RM144W1;RM144
RM144W2;RM144
RM144W3;RM144
RM187W1;RM187
RM187W2;RM187
RM187W3;RM187
RM727W1;RM727
RM727W2;RM727
RM727W3;RM727
RM125W1;RM125
RM125W2;RM125
RM125W3;RM125
RM140W1;RM140
RM140W2;RM140
RM140W3;RM140
RM145W1;RM145
RM145W2;RM145
RM145W3;RM145
RM157W1;RM157
RM157W2;RM157
RM157W3;RM157
RM158W1;RM158
RM158W2;RM158
RM158W3;RM158
RM159W1;RM159
RM159W2;RM159
RM159W3;RM159
RM584W1;RM584
RM584W2;RM584
RM584W3;RM584
RM849W1;RM849
RM849W2;RM849
RM849W3;RM849
RM932W1;RM932
RM932W2;RM932
RM932W3;RM932
RM032W1;RM032
RM032W2;RM032
RM032W3;RM032
RM340W1;RM340
RM340W2;RM340
RM340W3;RM340
RM345W1;RM345
RM345W2;RM345
RM345W3;RM345
RM167W1;RM167
RM167W2;RM167
RM167W3;RM167
RM169W1;RM169
RM169W2;RM169
RM169W3;RM169
RM160W1;RM160
RM160W2;RM160
RM160W3;RM160
RM852W1;RM852
RM852W2;RM852
RM852W3;RM852
RM289W1;RM289
RM289W2;RM289
RM289W3;RM289
RM588W1;RM588
RM588W2;RM588
RM588W3;RM588
RM149W1;RM149
RM149W2;RM149
RM149W3;RM149
RM168W1;RM168
RM168W2;RM168
RM168W3;RM168
RM184W1;RM184
RM184W2;RM184
RM184W3;RM184
RM034W1;RM034
RM034W2;RM034
RM133W1;RM133
RM133W3;RM133
RM155W1;RM155
RM155W2;RM155
RM155W3;RM155
RM933W1;RM933
RM933W2;RM933
RM933W3;RM933
RM095V1;RM095
RM095V2;RM095
RM095V3;RM095
RM096V1;RM096
RM096V2;RM096
RM096V3;RM096
RM097V1;RM097
RM097V2;RM097
RM097V3;RM097
RM098V1;RM098
RM098V2;RM098
RM098V3;RM098
RM099V1;RM099
RM099V2;RM099
RM099V3;RM099
RM100V1;RM100
RM100V2;RM100
RM100V3;RM100
RM101V1;RM101
RM101V2;RM101
RM117V1;RM117
RM117V2;RM117
RM117V3;RM117
RM224V1;RM224
RM224V2;RM224
RM224V3;RM224
RM238V1;RM238
RM238V2;RM238
RM238V3;RM238
RM254V1;RM254
RM254V2;RM254
RM254V3;RM254
RM260V1;RM260
RM260V2;RM260
RM260V3;RM260
RM290V1;RM290
RM290V2;RM290
RM290V3;RM290
RM291V1;RM291
RM291V2;RM291
RM291V3;RM291
RM292V1;RM292
RM292V2;RM292
RM292V3;RM292
RM293V1;RM293
RM293V2;RM293
RM293V3;RM293
RM306V1;RM306
RM306V2;RM306
RM306V3;RM306
RM323V1;RM323
RM323V2;RM323
RM323V3;RM323
RM325V1;RM325
RM325V2;RM325
RM325V3;RM325
RM350V1;RM350
RM350V2;RM350
RM350V3;RM350
RM351V1;RM351
RM351V2;RM351
RM368V1;RM368
RM368V2;RM368
RM368V3;RM368
RM409V1;RM409
RM409V2;RM409
RM409V3;RM409
RM095U1;RM095
RM095U2;RM095
RM095U3;RM095
RM096U1;RM096
RM096U2;RM096
RM096U3;RM096
RM097U1;RM097
RM097U2;RM097
RM097U3;RM097
RM098U1;RM098
RM098U2;RM098
RM098U3;RM098
RM099U1;RM099
RM099U2;RM099
RM099U3;RM099
RM100U1;RM100
RM100U2;RM100
RM100U3;RM100
RM101U1;RM101
RM101U2;RM101
RM117U1;RM117
RM117U2;RM117
RM117U3;RM117
RM224U1;RM224
RM224U2;RM224
RM224U3;RM224
RM238U1;RM238
RM238U2;RM238
RM238U3;RM238
RM254U1;RM254
RM254U2;RM254
RM254U3;RM254
RM260U1;RM260
RM260U2;RM260
RM260U3;RM260
RM290U1;RM290
RM290U2;RM290
RM290U3;RM290
RM291U1;RM291
RM291U2;RM291
RM291U3;RM291
RM292U1;RM292
RM292U2;RM292
RM292U3;RM292
RM293U1;RM293
RM293U2;RM293
RM293U3;RM293
RM306U1;RM306
RM306U2;RM306
RM306U3;RM306
RM323U1;RM323
RM323U2;RM323
RM323U3;RM323
RM325U1;RM325
RM325U2;RM325
RM325U3;RM325
RM350U1;RM350
RM350U2;RM350
RM350U3;RM350
RM351U1;RM351
RM351U2;RM351
RM368U1;RM368
RM368U2;RM368
RM368U3;RM368
RM409U1;RM409
RM409U2;RM409
RM409U3;RM409
RM563U1;RM563
RM563U2;RM563
RM564U1;RM564
RM583U1;RM583
RM583U2;RM583
RM583U3;RM583
RM697U1;RM697
RM697U2;RM697
RM697U3;RM697
RM701U1;RM701
RM701U2;RM701
RM701U3;RM701
RM702U1;RM702
RM702U2;RM702
RM702U3;RM702
RM697V1;RM697
RM697V2;RM697
RM697V3;RM697
RM701V1;RM701
RM701V2;RM701
RM701V3;RM701
RM702V1;RM702
RM702V2;RM702
RM702V3;RM702
RM865V1;RM865
RM865V2;RM865
RM865V3;RM865
RM890V1;RM890
RM925V1;RM925
RM925V2;RM925
RM925V3;RM925
RM783U1;RM783
RM783U2;RM783
RM783U3;RM783
RM795U1;RM795
RM795U2;RM795
RM795U3;RM795
RM814U1;RM814
RM814U2;RM814
RM814U3;RM814
RM819U1;RM819
RM819U2;RM819
RM819U3;RM819
RM865U1;RM865
RM865U2;RM865
RM865U3;RM865
RM890U1;RM890
RM783V1;RM783
RM783V2;RM783
RM783V3;RM783
RM795V1;RM795
RM795V2;RM795
RM795V3;RM795
RM814V1;RM814
RM814V2;RM814
RM814V3;RM814
RM819V1;RM819
RM819V2;RM819
RM819V3;RM819
RM563V1;RM563
RM563V2;RM563
RM564V1;RM564
RM583V1;RM583
RM583V2;RM583
RM583V3;RM583
RM925U1;RM925
RM925U2;RM925
RM925U3;RM925
RM697U4;RM697
RM697V4;RM697
RM985V1;RM985
RM985U1;RM985
RM702W1;RM702
RM702W2;RM702
RM702W3;RM702
RM100W1;RM100
RM100W2;RM100
RM100W3;RM100
RM291W1;RM291
RM291W2;RM291
RM291W3;RM291
RM096W1;RM096
RM096W2;RM096
RM096W3;RM096
RM117W1;RM117
RM117W2;RM117
RM117W3;RM117
RM795W1;RM795
RM795W2;RM795
RM795W3;RM795
RM238W1;RM238
RM238W2;RM238
RM238W3;RM238
RM260W1;RM260
RM260W2;RM260
RM260W3;RM260
RM306W1;RM306
RM306W2;RM306
RM306W3;RM306
RM350W1;RM350
RM350W2;RM350
RM350W3;RM350
RM583W1;RM583
RM583W2;RM583
RM583W3;RM583
RM814W1;RM814
RM814W2;RM814
RM814W3;RM814
RM563W1;RM563
RM563W2;RM563
RM290W1;RM290
RM290W2;RM290
RM290W3;RM290
RM254W1;RM254
RM254W2;RM254
RM254W3;RM254
RM890W1;RM890
RM098W1;RM098
RM098W2;RM098
RM098W3;RM098
RM865W1;RM865
RM865W2;RM865
RM865W3;RM865
RM224W1;RM224
RM224W2;RM224
RM224W3;RM224
RM097W1;RM097
RM097W2;RM097
RM097W3;RM097
RM325W1;RM325
RM325W2;RM325
RM325W3;RM325
RM925W1;RM925
RM925W2;RM925
RM925W3;RM925
RM292W1;RM292
RM292W2;RM292
RM292W3;RM292
RM099W1;RM099
RM099W2;RM099
RM099W3;RM099
RM701W1;RM701
RM701W2;RM701
RM701W3;RM701
RM819W1;RM819
RM819W2;RM819
RM819W3;RM819
RM409W1;RM409
RM409W2;RM409
RM409W3;RM409
RM086V1;RM086
RM086V2;RM086
RM086V3;RM086
RM087V1;RM087
RM087V2;RM087
RM088V1;RM088
RM088V2;RM088
RM088V3;RM088
RM089V1;RM089
RM089V2;RM089
RM089V3;RM089
RM090V1;RM090
RM090V2;RM090
RM090V3;RM090
RM091V1;RM091
RM091V2;RM091
RM091V3;RM091
RM102V1;RM102
RM102V2;RM102
RM103V1;RM103
RM103V2;RM103
RM103V3;RM103
RM104V1;RM104
RM104V2;RM104
RM104V3;RM104
RM110V1;RM110
RM110V2;RM110
RM110V3;RM110
RM111V1;RM111
RM111V2;RM111
RM111V3;RM111
RM112V1;RM112
RM112V2;RM112
RM112V3;RM112
RM113V1;RM113
RM113V2;RM113
RM113V3;RM113
RM114V1;RM114
RM114V2;RM114
RM114V3;RM114
RM115V1;RM115
RM115V2;RM115
RM115V3;RM115
RM116V1;RM116
RM116V2;RM116
RM116V3;RM116
RM118V1;RM118
RM118V2;RM118
RM118V3;RM118
RM119V1;RM119
RM119V2;RM119
RM119V3;RM119
RM121V1;RM121
RM121V2;RM121
RM121V3;RM121
RM122V1;RM122
RM122V2;RM122
RM122V3;RM122
RM123V1;RM123
RM123V2;RM123
RM123V3;RM123
RM124V1;RM124
RM124V2;RM124
RM124V3;RM124
RM181V1;RM181
RM181V2;RM181
RM181V3;RM181
RM183V1;RM183
RM183V2;RM183
RM183V3;RM183
RM189V1;RM189
RM189V2;RM189
RM189V3;RM189
RM210V1;RM210
RM210V2;RM210
RM210V3;RM210
RM221V1;RM221
RM221V2;RM221
RM221V3;RM221
RM267V1;RM267
RM330V1;RM330
RM330V2;RM330
RM330V3;RM330
RM362V1;RM362
RM362V2;RM362
RM362V3;RM362
RM365V1;RM365
RM365V2;RM365
RM365V3;RM365
RM367V1;RM367
RM367V2;RM367
RM367V3;RM367
RM433V1;RM433
RM086U1;RM086
RM086U2;RM086
RM086U3;RM086
RM087U1;RM087
RM087U2;RM087
RM088U1;RM088
RM088U2;RM088
RM088U3;RM088
RM089U1;RM089
RM089U2;RM089
RM089U3;RM089
RM090U1;RM090
RM090U2;RM090
RM090U3;RM090
RM091U1;RM091
RM091U2;RM091
RM091U3;RM091
RM102U1;RM102
RM102U2;RM102
RM103U1;RM103
RM103U2;RM103
RM103U3;RM103
RM104U1;RM104
RM104U2;RM104
RM104U3;RM104
RM110U1;RM110
RM110U2;RM110
RM110U3;RM110
RM111U1;RM111
RM111U2;RM111
RM111U3;RM111
RM112U1;RM112
RM112U2;RM112
RM112U3;RM112
RM113U1;RM113
RM113U2;RM113
RM113U3;RM113
RM114U1;RM114
RM114U2;RM114
RM114U3;RM114
RM115U1;RM115
RM115U2;RM115
RM115U3;RM115
RM116U1;RM116
RM116U2;RM116
RM116U3;RM116
RM118U1;RM118
RM118U2;RM118
RM118U3;RM118
RM119U1;RM119
RM119U2;RM119
RM119U3;RM119
RM121U1;RM121
RM121U2;RM121
RM121U3;RM121
RM122U1;RM122
RM122U2;RM122
RM122U3;RM122
RM123U1;RM123
RM123U2;RM123
RM123U3;RM123
RM124U1;RM124
RM124U2;RM124
RM124U3;RM124
RM181U1;RM181
RM181U2;RM181
RM181U3;RM181
RM183U1;RM183
RM183U2;RM183
RM183U3;RM183
RM189U1;RM189
RM189U2;RM189
RM189U3;RM189
RM210U1;RM210
RM210U2;RM210
RM210U3;RM210
RM221U1;RM221
RM221U2;RM221
RM221U3;RM221
RM267U1;RM267
RM330U1;RM330
RM330U2;RM330
RM330U3;RM330
RM362U1;RM362
RM362U2;RM362
RM362U3;RM362
RM365U1;RM365
RM365U2;RM365
RM365U3;RM365
RM367U1;RM367
RM367U2;RM367
RM367U3;RM367
RM433U1;RM433
RM517U1;RM517
RM517U2;RM517
RM517U3;RM517
RM548U1;RM548
RM548U2;RM548
RM548U3;RM548
RM596U1;RM596
RM596U2;RM596
RM613U1;RM613
RM613U2;RM613
RM613U3;RM613
RM616U1;RM616
RM616U2;RM616
RM616U3;RM616
RM617U1;RM617
RM617U2;RM617
RM617U3;RM617
RM619U1;RM619
RM619U2;RM619
RM619U3;RM619
RM622U1;RM622
RM622U2;RM622
RM622U3;RM622
RM624U1;RM624
RM624U2;RM624
RM624U3;RM624
RM625U1;RM625
RM625U2;RM625
RM625U3;RM625
RM626U1;RM626
RM626U2;RM626
RM626U3;RM626
RM728U1;RM728
RM728U2;RM728
RM747U1;RM747
RM747U2;RM747
RM747U3;RM747
RM779U1;RM779
RM779U2;RM779
RM779U3;RM779
RM613V1;RM613
RM613V2;RM613
RM613V3;RM613
RM616V1;RM616
RM616V2;RM616
RM616V3;RM616
RM617V1;RM617
RM617V2;RM617
RM617V3;RM617
RM619V1;RM619
RM619V2;RM619
RM619V3;RM619
RM622V1;RM622
RM622V2;RM622
RM622V3;RM622
RM624V1;RM624
RM624V2;RM624
RM624V3;RM624
RM625V1;RM625
RM625V2;RM625
RM625V3;RM625
RM626V1;RM626
RM626V2;RM626
RM626V3;RM626
RM728V1;RM728
RM728V2;RM728
RM747V1;RM747
RM747V2;RM747
RM747V3;RM747
RM779V1;RM779
RM779V2;RM779
RM779V3;RM779
RM850V1;RM850
RM850V2;RM850
RM850V3;RM850
RM867V1;RM867
RM867V2;RM867
RM867V3;RM867
RM915V1;RM915
RM915V2;RM915
RM915V3;RM915
RM923V1;RM923
RM923V2;RM923
RM923V3;RM923
RM850U1;RM850
RM850U2;RM850
RM850U3;RM850
RM867U1;RM867
RM867U2;RM867
RM867U3;RM867
RM548V1;RM548
RM548V2;RM548
RM548V3;RM548
RM596V1;RM596
RM596V2;RM596
RM915U1;RM915
RM915U2;RM915
RM915U3;RM915
RM923U1;RM923
RM923U2;RM923
RM923U3;RM923
RM976V1;RM976
RM983V1;RM983
RM983V2;RM983
RM988V1;RM988
RM976U1;RM976
RM983U1;RM983
RM983U2;RM983
RM988U1;RM988
RM517W1;RM517
RM517W2;RM517
RM517W3;RM517
RM779W1;RM779
RM779W2;RM779
RM779W3;RM779
RM983W1;RM983
RM983W2;RM983
RM088W1;RM088
RM088W2;RM088
RM088W3;RM088
RM089W1;RM089
RM089W2;RM089
RM089W3;RM089
RM090W1;RM090
RM090W2;RM090
RM090W3;RM090
RM091W1;RM091
RM091W2;RM091
RM091W3;RM091
RM619W1;RM619
RM619W2;RM619
RM619W3;RM619
RM728W1;RM728
RM728W2;RM728
RM548W1;RM548
RM548W2;RM548
RM548W3;RM548
RM118W1;RM118
RM118W2;RM118
RM118W3;RM118
RM123W1;RM123
RM123W2;RM123
RM123W3;RM123
RM183W1;RM183
RM183W2;RM183
RM183W3;RM183
RM915W1;RM915
RM915W2;RM915
RM915W3;RM915
RM122W1;RM122
RM122W2;RM122
RM122W3;RM122
RM124W1;RM124
RM124W2;RM124
RM124W3;RM124
RM221W1;RM221
RM221W2;RM221
RM221W3;RM221
RM747W1;RM747
RM747W2;RM747
RM747W3;RM747
RM616W1;RM616
RM616W2;RM616
RM616W3;RM616
RM112W1;RM112
RM112W2;RM112
RM112W3;RM112
RM113W1;RM113
RM113W2;RM113
RM113W3;RM113
RM119W1;RM119
RM119W2;RM119
RM119W3;RM119
RM121W1;RM121
RM121W2;RM121
RM121W3;RM121
RM181W1;RM181
RM181W2;RM181
RM181W3;RM181
RM189W1;RM189
RM189W2;RM189
RM189W3;RM189
RM362W1;RM362
RM362W2;RM362
RM362W3;RM362
RM367W1;RM367
RM367W2;RM367
RM367W3;RM367
RM624W1;RM624
RM624W2;RM624
RM624W3;RM624
RM850W1;RM850
RM850W2;RM850
RM850W3;RM850
RM923W1;RM923
RM923W2;RM923
RM923W3;RM923
RM086W1;RM086
RM086W2;RM086
RM086W3;RM086
RM103W1;RM103
RM103W2;RM103
RM103W3;RM103
RM104W1;RM104
RM104W2;RM104
RM104W3;RM104
RM617W1;RM617
RM617W2;RM617
RM617W3;RM617
RM102W1;RM102
RM102W2;RM102
RM267W1;RM267
RM433W1;RM433
RM114W1;RM114
RM114W2;RM114
RM114W3;RM114
RM116W1;RM116
RM116W2;RM116
RM116W3;RM116
RM596W1;RM596
RM596W2;RM596
RM087W1;RM087
RM087W2;RM087
RM330W1;RM330
RM330W2;RM330
RM330W3;RM330
RM613W1;RM613
RM613W2;RM613
RM613W3;RM613
RM110W1;RM110
RM110W2;RM110
RM110W3;RM110
RM867W1;RM867
RM867W2;RM867
RM867W3;RM867
RM517V1;RM517
RM517V2;RM517
RM517V3;RM517
RM007U1;RM007
RM007U2;RM007
RM007U3;RM007
RM009U1;RM009
RM009U2;RM009
RM009U3;RM009
RM010U1;RM010
RM010U2;RM010
RM010U3;RM010
RM011U1;RM011
RM011U2;RM011
RM011U3;RM011
RM012U1;RM012
RM012U2;RM012
RM012U3;RM012
RM013U1;RM013
RM013U2;RM013
RM013U3;RM013
RM027U1;RM027
RM027U2;RM027
RM027U3;RM027
RM028U1;RM028
RM028U2;RM028
RM028U3;RM028
RM029U1;RM029
RM029U2;RM029
RM029U3;RM029
RM030U1;RM030
RM030U2;RM030
RM030U3;RM030
RM031U1;RM031
RM031U2;RM031
RM031U3;RM031
RM007V1;RM007
RM007V2;RM007
RM007V3;RM007
RM009V1;RM009
RM009V2;RM009
RM009V3;RM009
RM010V1;RM010
RM010V2;RM010
RM010V3;RM010
RM011V1;RM011
RM011V2;RM011
RM011V3;RM011
RM012V1;RM012
RM012V2;RM012
RM012V3;RM012
RM013V1;RM013
RM013V2;RM013
RM013V3;RM013
RM027V1;RM027
RM027V2;RM027
RM027V3;RM027
RM028V1;RM028
RM028V2;RM028
RM028V3;RM028
RM029V1;RM029
RM029V2;RM029
RM029V3;RM029
RM030V1;RM030
RM030V2;RM030
RM030V3;RM030
RM031V1;RM031
RM031V2;RM031
RM031V3;RM031
RM105V1;RM105
RM105V2;RM105
RM105V3;RM105
RM106V1;RM106
RM106V2;RM106
RM106V3;RM106
RM107V1;RM107
RM107V2;RM107
RM108V1;RM108
RM108V2;RM108
RM108V3;RM108
RM109V1;RM109
RM109V2;RM109
RM109V3;RM109
RM126V1;RM126
RM126V2;RM126
RM127V1;RM127
RM127V2;RM127
RM127V3;RM127
RM128V1;RM128
RM128V2;RM128
RM128V3;RM128
RM129V1;RM129
RM129V2;RM129
RM129V3;RM129
RM130V1;RM130
RM130V2;RM130
RM131V1;RM131
RM131V2;RM131
RM131V3;RM131
RM132V1;RM132
RM132V2;RM132
RM132V3;RM132
RM185V1;RM185
RM185V2;RM185
RM185V3;RM185
RM188V1;RM188
RM188V2;RM188
RM188V3;RM188
RM191V1;RM191
RM191V2;RM191
RM191V3;RM191
RM270V1;RM270
RM270V2;RM270
RM322V1;RM322
RM322V2;RM322
RM322V3;RM322
RM341V1;RM341
RM341V2;RM341
RM341V3;RM341
RM354V1;RM354
RM354V2;RM354
RM354V3;RM354
RM105U1;RM105
RM105U2;RM105
RM105U3;RM105
RM106U1;RM106
RM106U2;RM106
RM106U3;RM106
RM107U1;RM107
RM107U2;RM107
RM108U1;RM108
RM108U2;RM108
RM108U3;RM108
RM109U1;RM109
RM109U2;RM109
RM109U3;RM109
RM126U1;RM126
RM126U2;RM126
RM127U1;RM127
RM127U2;RM127
RM127U3;RM127
RM128U1;RM128
RM128U2;RM128
RM128U3;RM128
RM129U1;RM129
RM129U2;RM129
RM129U3;RM129
RM130U1;RM130
RM130U2;RM130
RM131U1;RM131
RM131U2;RM131
RM131U3;RM131
RM132U1;RM132
RM132U2;RM132
RM132U3;RM132
RM185U1;RM185
RM185U2;RM185
RM185U3;RM185
RM188U1;RM188
RM188U2;RM188
RM188U3;RM188
RM191U1;RM191
RM191U2;RM191
RM191U3;RM191
RM270U1;RM270
RM270U2;RM270
RM322U1;RM322
RM322U2;RM322
RM322U3;RM322
RM341U1;RM341
RM341U2;RM341
RM341U3;RM341
RM354U1;RM354
RM354U2;RM354
RM354U3;RM354
RM561U1;RM561
RM561U2;RM561
RM561U3;RM561
RM585U1;RM585
RM585U2;RM585
RM585U3;RM585
RM586U1;RM586
RM586U2;RM586
RM586U3;RM586
RM618U1;RM618
RM618U2;RM618
RM731U1;RM731
RM731U2;RM731
RM731U3;RM731
RM732U1;RM732
RM732U2;RM732
RM732U3;RM732
RM752U1;RM752
RM752U2;RM752
RM752U3;RM752
RM757U1;RM757
RM757U2;RM757
RM757U3;RM757
RM618V1;RM618
RM618V2;RM618
RM731V1;RM731
RM731V2;RM731
RM731V3;RM731
RM732V1;RM732
RM732V2;RM732
RM732V3;RM732
RM752V1;RM752
RM752V2;RM752
RM752V3;RM752
RM757V1;RM757
RM757V2;RM757
RM757V3;RM757
RM882V1;RM882
RM882V2;RM882
RM882V3;RM882
RM910V1;RM910
RM910V2;RM910
RM910V3;RM910
RM914V1;RM914
RM914V2;RM914
RM914V3;RM914
RM918V1;RM918
RM918V2;RM918
RM918V3;RM918
RM813U1;RM813
RM813U2;RM813
RM813U3;RM813
RM882U1;RM882
RM882U2;RM882
RM882U3;RM882
RM813V1;RM813
RM813V2;RM813
RM813V3;RM813
RM561V1;RM561
RM561V2;RM561
RM561V3;RM561
RM585V1;RM585
RM585V2;RM585
RM585V3;RM585
RM586V1;RM586
RM586V2;RM586
RM586V3;RM586
RM910U1;RM910
RM910U2;RM910
RM910U3;RM910
RM914U1;RM914
RM914U2;RM914
RM914U3;RM914
RM918U1;RM918
RM918U2;RM918
RM918U3;RM918
RM030W1;RM030
RM030W2;RM030
RM030W3;RM030
RM031W1;RM031
RM031W2;RM031
RM031W3;RM031
RM129W1;RM129
RM129W2;RM129
RM129W3;RM129
RM585W1;RM585
RM585W2;RM585
RM585W3;RM585
RM984V1;RM984
RM984U1;RM984
RM752W1;RM752
RM752W2;RM752
RM752W3;RM752
RM910W1;RM910
RM910W2;RM910
RM910W3;RM910
RM757W1;RM757
RM757W2;RM757
RM757W3;RM757
RM105W1;RM105
RM105W2;RM105
RM105W3;RM105
RM028W1;RM028
RM028W2;RM028
RM028W3;RM028
RM029W1;RM029
RM029W2;RM029
RM029W3;RM029
RM561W1;RM561
RM561W2;RM561
RM561W3;RM561
RM185W1;RM185
RM185W2;RM185
RM185W3;RM185
RM012W1;RM012
RM012W2;RM012
RM012W3;RM012
RM007W1;RM007
RM007W2;RM007
RM007W3;RM007
RM009W1;RM009
RM009W2;RM009
RM009W3;RM009
RM013W1;RM013
RM013W2;RM013
RM013W3;RM013
RM127W1;RM127
RM127W2;RM127
RM127W3;RM127
RM322W1;RM322
RM322W2;RM322
RM322W3;RM322
RM354W1;RM354
RM354W2;RM354
RM354W3;RM354
RM618W1;RM618
RM618W2;RM618
RM027W1;RM027
RM027W2;RM027
RM027W3;RM027
RM128W1;RM128
RM128W2;RM128
RM128W3;RM128
RM191W1;RM191
RM191W2;RM191
RM191W3;RM191
RM813W1;RM813
RM813W2;RM813
RM813W3;RM813
RM914W1;RM914
RM914W2;RM914
RM914W3;RM914
RM108W1;RM108
RM108W2;RM108
RM108W3;RM108
RM130W1;RM130
RM130W2;RM130
RM011W1;RM011
RM011W2;RM011
RM011W3;RM011
RM731W1;RM731
RM731W2;RM731
RM731W3;RM731
RM132W1;RM132
RM132W2;RM132
RM132W3;RM132
RM109W1;RM109
RM109W2;RM109
RM109W3;RM109
RM188W1;RM188
RM188W2;RM188
RM188W3;RM188
RM270W1;RM270
RM270W2;RM270
RM341W1;RM341
RM341W2;RM341
RM341W3;RM341
RM882W1;RM882
RM882W2;RM882
RM882W3;RM882
RM918W1;RM918
RM918W2;RM918
RM918W3;RM918
RM010W1;RM010
RM010W2;RM010
RM010W3;RM010
RM194V1;RM194
RM194V2;RM194
RM194V3;RM194
RM195V1;RM195
RM195V2;RM195
RM195V3;RM195
RM197V1;RM197
RM197V2;RM197
RM197V3;RM197
RM198V1;RM198
RM198V2;RM198
RM198V3;RM198
RM199V1;RM199
RM199V2;RM199
RM199V3;RM199
RM200V1;RM200
RM200V2;RM200
RM200V3;RM200
RM201V1;RM201
RM201V2;RM201
RM201V3;RM201
RM202V1;RM202
RM202V2;RM202
RM202V3;RM202
RM203V1;RM203
RM203V2;RM203
RM203V3;RM203
RM204V1;RM204
RM204V2;RM204
RM247V1;RM247
RM247V2;RM247
RM247V3;RM247
RM252V1;RM252
RM252V2;RM252
RM252V3;RM252
RM332V1;RM332
RM332V2;RM332
RM332V3;RM332
RM338V1;RM338
RM338V2;RM338
RM338V3;RM338
RM393V1;RM393
RM393V2;RM393
RM393V3;RM393
RM407V1;RM407
RM407V2;RM407
RM407V3;RM407
RM194U1;RM194
RM194U2;RM194
RM194U3;RM194
RM195U1;RM195
RM195U2;RM195
RM195U3;RM195
RM197U1;RM197
RM197U2;RM197
RM197U3;RM197
RM198U1;RM198
RM198U2;RM198
RM198U3;RM198
RM199U1;RM199
RM199U2;RM199
RM199U3;RM199
RM200U1;RM200
RM200U2;RM200
RM200U3;RM200
RM201U1;RM201
RM201U2;RM201
RM201U3;RM201
RM202U1;RM202
RM202U2;RM202
RM202U3;RM202
RM203U1;RM203
RM203U2;RM203
RM203U3;RM203
RM204U1;RM204
RM204U2;RM204
RM247U1;RM247
RM247U2;RM247
RM247U3;RM247
RM252U1;RM252
RM252U2;RM252
RM252U3;RM252
RM332U1;RM332
RM332U2;RM332
RM332U3;RM332
RM338U1;RM338
RM338U2;RM338
RM338U3;RM338
RM393U1;RM393
RM393U2;RM393
RM393U3;RM393
RM407U1;RM407
RM407U2;RM407
RM407U3;RM407
RM551U1;RM551
RM551U2;RM551
RM551U3;RM551
RM655U1;RM655
RM655U2;RM655
RM655U3;RM655
RM698U1;RM698
RM698U2;RM698
RM698U3;RM698
RM699U1;RM699
RM699U2;RM699
RM699U3;RM699
RM719U1;RM719
RM719U2;RM719
RM719U3;RM719
RM655V1;RM655
RM655V2;RM655
RM655V3;RM655
RM698V1;RM698
RM698V2;RM698
RM698V3;RM698
RM699V1;RM699
RM699V2;RM699
RM699V3;RM699
RM719V1;RM719
RM719V2;RM719
RM719V3;RM719
RM853V1;RM853
RM853V2;RM853
RM853V3;RM853
RM862V1;RM862
RM862V2;RM862
RM862V3;RM862
RM941V1;RM941
RM941V2;RM941
RM941V3;RM941
RM946V1;RM946
RM946V2;RM946
RM946V3;RM946
RM782U1;RM782
RM782U2;RM782
RM782U3;RM782
RM794U1;RM794
RM794U2;RM794
RM794U3;RM794
RM798U1;RM798
RM798U2;RM798
RM798U3;RM798
RM805U1;RM805
RM805U2;RM805
RM805U3;RM805
RM853U1;RM853
RM853U2;RM853
RM853U3;RM853
RM862U1;RM862
RM862U2;RM862
RM862U3;RM862
RM782V1;RM782
RM782V2;RM782
RM782V3;RM782
RM794V1;RM794
RM794V2;RM794
RM794V3;RM794
RM798V1;RM798
RM798V2;RM798
RM798V3;RM798
RM805V1;RM805
RM805V2;RM805
RM805V3;RM805
RM551V1;RM551
RM551V2;RM551
RM551V3;RM551
RM941U1;RM941
RM941U2;RM941
RM941U3;RM941
RM946U1;RM946
RM946U2;RM946
RM946U3;RM946
RM200U4;RM200
RM200V4;RM200
RM551U4;RM551
RM551V4;RM551
RM202W1;RM202
RM202W2;RM202
RM202W3;RM202
RM203W1;RM203
RM203W2;RM203
RM203W3;RM203
RM204W1;RM204
RM204W2;RM204
RM655W1;RM655
RM655W2;RM655
RM655W3;RM655
RM782W1;RM782
RM782W2;RM782
RM782W3;RM782
RM407W1;RM407
RM407W2;RM407
RM407W3;RM407
RM698W1;RM698
RM698W2;RM698
RM698W3;RM698
RM332W1;RM332
RM332W2;RM332
RM332W3;RM332
RM338W1;RM338
RM338W2;RM338
RM338W3;RM338
RM853W1;RM853
RM853W2;RM853
RM853W3;RM853
RM794W1;RM794
RM794W2;RM794
RM794W3;RM794
RM862W1;RM862
RM862W2;RM862
RM862W3;RM862
RM719W1;RM719
RM719W2;RM719
RM719W3;RM719
RM941W1;RM941
RM941W2;RM941
RM941W3;RM941
RM198W1;RM198
RM198W2;RM198
RM198W3;RM198
RM393W1;RM393
RM393W2;RM393
RM393W3;RM393
RM699W1;RM699
RM699W2;RM699
RM699W3;RM699
RM195W1;RM195
RM195W2;RM195
RM195W3;RM195
RM247W1;RM247
RM247W2;RM247
RM247W3;RM247
RM252W1;RM252
RM252W2;RM252
RM252W3;RM252
RM798W1;RM798
RM798W2;RM798
RM798W3;RM798
RM805W1;RM805
RM805W2;RM805
RM805W3;RM805
RM946W1;RM946
RM946W2;RM946
RM946W3;RM946
RM194W1;RM194
RM194W2;RM194
RM194W3;RM194
RM197W1;RM197
RM197W2;RM197
RM197W3;RM197
RM070V1;RM070
RM070V2;RM070
RM070V3;RM070
RM072V1;RM072
RM072V2;RM072
RM072V3;RM072
RM245V1;RM245
RM245V2;RM245
RM245V3;RM245
RM266V1;RM266
RM331V1;RM331
RM331V2;RM331
RM331V3;RM331
RM352V1;RM352
RM352V2;RM352
RM352V3;RM352
RM359V1;RM359
RM359V2;RM359
RM070U1;RM070
RM070U2;RM070
RM070U3;RM070
RM072U1;RM072
RM072U2;RM072
RM072U3;RM072
RM245U1;RM245
RM245U2;RM245
RM245U3;RM245
RM266U1;RM266
RM331U1;RM331
RM331U2;RM331
RM331U3;RM331
RM352U1;RM352
RM352U2;RM352
RM352U3;RM352
RM359U1;RM359
RM359U2;RM359
RM483U1;RM483
RM771U1;RM771
RM771U2;RM771
RM771U3;RM771
RM775U1;RM775
RM775U2;RM775
RM775U3;RM775
RM777U1;RM777
RM777U2;RM777
RM777U3;RM777
RM771V1;RM771
RM771V2;RM771
RM771V3;RM771
RM775V1;RM775
RM775V2;RM775
RM775V3;RM775
RM777V1;RM777
RM777V2;RM777
RM777V3;RM777
RM897V1;RM897
RM897V2;RM897
RM897V3;RM897
RM790U1;RM790
RM790U2;RM790
RM790U3;RM790
RM806U1;RM806
RM806U2;RM806
RM806U3;RM806
RM897U1;RM897
RM897U2;RM897
RM897U3;RM897
RM790V1;RM790
RM790V2;RM790
RM790V3;RM790
RM806V1;RM806
RM806V2;RM806
RM806V3;RM806
RM995V1;RM995
RM995V2;RM995
RM995V3;RM995
RM995U1;RM995
RM995U2;RM995
RM995U3;RM995
RM331W1;RM331
RM331W2;RM331
RM331W3;RM331
RM806W1;RM806
RM806W2;RM806
RM806W3;RM806
RM245W1;RM245
RM245W2;RM245
RM245W3;RM245
RM790W1;RM790
RM790W2;RM790
RM790W3;RM790
RM897W1;RM897
RM897W2;RM897
RM897W3;RM897
RM995W1;RM995
RM995W2;RM995
RM995W3;RM995
RM359W1;RM359
RM359W2;RM359
RM352W1;RM352
RM352W2;RM352
RM352W3;RM352
RM777W1;RM777
RM777W2;RM777
RM777W3;RM777
RM483W1;RM483
RM070W1;RM070
RM070W2;RM070
RM070W3;RM070
RM072W1;RM072
RM072W2;RM072
RM072W3;RM072
RM771W1;RM771
RM771W2;RM771
RM771W3;RM771
RM775W1;RM775
RM775W2;RM775
RM775W3;RM775
RM483V1;RM483
RM064V1;RM064
RM064V2;RM064
RM064V3;RM064
RM065V1;RM065
RM065V2;RM065
RM065V3;RM065
RM174V1;RM174
RM174V2;RM174
RM174V3;RM174
RM196V1;RM196
RM196V2;RM196
RM196V3;RM196
RM212V1;RM212
RM212V2;RM212
RM212V3;RM212
RM326V1;RM326
RM326V2;RM326
RM326V3;RM326
RM369V1;RM369
RM369V2;RM369
RM369V3;RM369
RM470V1;RM470
RM470V2;RM470
RM470V3;RM470
RM471V1;RM471
RM471V2;RM471
RM471V3;RM471
RM064U1;RM064
RM064U2;RM064
RM064U3;RM064
RM065U1;RM065
RM065U2;RM065
RM065U3;RM065
RM174U1;RM174
RM174U2;RM174
RM174U3;RM174
RM196U1;RM196
RM196U2;RM196
RM196U3;RM196
RM212U1;RM212
RM212U2;RM212
RM212U3;RM212
RM326U1;RM326
RM326U2;RM326
RM326U3;RM326
RM369U1;RM369
RM369U2;RM369
RM369U3;RM369
RM470U1;RM470
RM470U2;RM470
RM470U3;RM470
RM471U1;RM471
RM471U2;RM471
RM471U3;RM471
RM482U1;RM482
RM482U2;RM482
RM482U3;RM482
RM546U1;RM546
RM546U2;RM546
RM546U3;RM546
RM665U1;RM665
RM665U2;RM665
RM665U3;RM665
RM745U1;RM745
RM745U2;RM745
RM745U3;RM745
RM665V1;RM665
RM665V2;RM665
RM665V3;RM665
RM745V1;RM745
RM745V2;RM745
RM745V3;RM745
RM935V1;RM935
RM935V2;RM935
RM935V3;RM935
RM796U1;RM796
RM796U2;RM796
RM796U3;RM796
RM808U1;RM808
RM808U2;RM808
RM808U3;RM808
RM796V1;RM796
RM796V2;RM796
RM796V3;RM796
RM808V1;RM808
RM808V2;RM808
RM808V3;RM808
RM546V1;RM546
RM546V2;RM546
RM546V3;RM546
RM935U1;RM935
RM935U2;RM935
RM935U3;RM935
RM990U1;RM990
RM990U2;RM990
RM990U3;RM990
RM482U4;RM482
RM482V4;RM482
RM470W1;RM470
RM470W2;RM470
RM470W3;RM470
RM212W1;RM212
RM212W2;RM212
RM212W3;RM212
RM745W1;RM745
RM745W2;RM745
RM745W3;RM745
RM196W1;RM196
RM196W2;RM196
RM196W3;RM196
RM935W1;RM935
RM935W2;RM935
RM935W3;RM935
RM174W1;RM174
RM174W2;RM174
RM174W3;RM174
RM796W1;RM796
RM796W2;RM796
RM796W3;RM796
RM471W1;RM471
RM471W2;RM471
RM471W3;RM471
RM665W1;RM665
RM665W2;RM665
RM665W3;RM665
RM546W1;RM546
RM546W2;RM546
RM546W3;RM546
RM482V1;RM482
RM482V2;RM482
RM482V3;RM482
RM032C1;RM032
RM080A1;RM080
RM080A2;RM080
RM080A3;RM080
RM127A1;RM127
RM127A2;RM127
RM127A3;RM127
RM334A1;RM334
RM334A2;RM334
RM334A3;RM334
RM649U1;RM649
RM649V1;RM649
RM649W1;RM649
RM649U2;RM649
RM649V2;RM649
RM649W2;RM649
RM649U3;RM649
RM649V3;RM649
RM649W3;RM649
RM698A1;RM698
RM698A2;RM698
RM698A3;RM698
RM704A1;RM704
RM704A2;RM704
RM704G1;RM704
RM704G2;RM704
RM704U1;RM704
RM704V1;RM704
RM704W1;RM704
RM704U2;RM704
RM704V2;RM704
RM704W2;RM704
RM705D1;RM705
RM705D2;RM705
RM705D3;RM705
RM705G1;RM705
RM705G2;RM705
RM705G3;RM705
RM705U1;RM705
RM705V1;RM705
RM705W1;RM705
RM705U2;RM705
RM705V2;RM705
RM705W2;RM705
RM705U3;RM705
RM705V3;RM705
RM705W3;RM705
RM706A1;RM706
RM706A2;RM706
RM706A3;RM706
RM706G1;RM706
RM706G2;RM706
RM706G3;RM706
RM706U1;RM706
RM706V1;RM706
RM706W1;RM706
RM706U2;RM706
RM706V2;RM706
RM706W2;RM706
RM706U3;RM706
RM706V3;RM706
RM706W3;RM706
RM707A1;RM707
RM707A2;RM707
RM707A3;RM707
RM707D1;RM707
RM707D2;RM707
RM707D3;RM707
RM707G1;RM707
RM707G2;RM707
RM707G3;RM707
RM707U1;RM707
RM707V1;RM707
RM707W1;RM707
RM707U2;RM707
RM707V2;RM707
RM707W2;RM707
RM707U3;RM707
RM707V3;RM707
RM707W3;RM707
RM708A1;RM708
RM708A2;RM708
RM708A3;RM708
RM708C1;RM708
RM708C2;RM708
RM708C3;RM708
RM708D1;RM708
RM708D2;RM708
RM708D3;RM708
RM708G1;RM708
RM708G2;RM708
RM708G3;RM708
RM708U1;RM708
RM708V1;RM708
RM708W1;RM708
RM708U2;RM708
RM708V2;RM708
RM708W2;RM708
RM708U3;RM708
RM708V3;RM708
RM708W3;RM708
RM709A1;RM709
RM709A2;RM709
RM709A3;RM709
RM709D1;RM709
RM709D2;RM709
RM709D3;RM709
RM709G1;RM709
RM709G2;RM709
RM709G3;RM709
RM709U1;RM709
RM709V1;RM709
RM709W1;RM709
RM709U2;RM709
RM709V2;RM709
RM709W2;RM709
RM709U3;RM709
RM709V3;RM709
RM709W3;RM709
RM710D1;RM710
RM710D2;RM710
RM710D3;RM710
RM710U1;RM710
RM710V1;RM710
RM710W1;RM710
RM710U2;RM710
RM710V2;RM710
RM710W2;RM710
RM710U3;RM710
RM710V3;RM710
RM710W3;RM710
RM711A1;RM711
RM711A2;RM711
RM711A3;RM711
RM711D1;RM711
RM711D2;RM711
RM711D3;RM711
RM711G1;RM711
RM711G2;RM711
RM711G3;RM711
RM711U1;RM711
RM711V1;RM711
RM711W1;RM711
RM711U2;RM711
RM711V2;RM711
RM711W2;RM711
RM711U3;RM711
RM711V3;RM711
RM711W3;RM711
RM712D1;RM712
RM712D2;RM712
RM712D3;RM712
RM712G1;RM712
RM712G2;RM712
RM712G3;RM712
RM712U1;RM712
RM712V1;RM712
RM712W1;RM712
RM712U2;RM712
RM712V2;RM712
RM712W2;RM712
RM712U3;RM712
RM712V3;RM712
RM712W3;RM712
RM808A1;RM808
RM808A2;RM808
RM808A3;RM808
RM842A1;RM842
RM842A2;RM842
RM842A3;RM842
RM864A1;RM864
RM864A2;RM864
RM864A3;RM864
RM897A1;RM897
RM897A2;RM897
RM897A3;RM897